invoice_id,payment_status_id,payment_method_id,invoice_date,due_date,payment_date,total_amount,late_fees,discount_applied,final_amount,order_id
INV41963,PST00004,PMT00001,2021-01-19,2021-02-19,2021-02-03,181737,0,63,181800,ORD63050
INV10309,PST00002,PMT00001,2023-03-20,2023-04-20,2023-05-04,129360,4385,53,133808,ORD52371
INV41524,PST00001,PMT00002,2020-06-08,2020-07-08,2020-06-23,101609,0,15,101662,ORD93092
INV99382,PST00001,PMT00004,2021-11-09,2021-12-09,2021-11-24,96792,0,47,96807,ORD56163
INV71328,PST00001,PMT00001,2022-12-01,2023-01-01,2022-12-16,119796,0,37,119843,ORD40878
INV49388,PST00004,PMT00002,2020-07-09,2020-08-09,2020-07-24,135828,0,34,135865,ORD58215
INV49934,PST00001,PMT00004,2020-10-13,2020-11-13,2020-10-28,208738,0,62,208772,ORD27652
INV24614,PST00004,PMT00002,2022-08-28,2022-09-28,2022-09-12,204054,0,15,204116,ORD61408
INV46909,PST00004,PMT00002,2021-05-28,2021-06-28,2021-06-12,180942,0,5,180957,ORD14554
INV75148,PST00002,PMT00001,2022-04-09,2022-05-09,2022-05-24,199332,8370,74,207707,ORD04029
INV97866,PST00002,PMT00001,2021-01-09,2021-02-09,2021-02-23,134176,7626,63,141876,ORD58717
INV89928,PST00001,PMT00001,2022-09-15,2022-10-15,2022-09-30,191174,0,26,191237,ORD82701
INV11395,PST00003,PMT00003,2022-12-18,2023-01-18,2023-01-02,102941,0,21,102967,ORD18326
INV66832,PST00001,PMT00002,2020-07-27,2020-08-27,2020-08-11,176048,0,55,176069,ORD29029
INV64498,PST00001,PMT00001,2021-10-19,2021-11-19,2021-11-03,87152,0,69,87207,ORD55034
INV16878,PST00001,PMT00003,2020-05-22,2020-06-22,2020-06-06,130114,0,53,130183,ORD56222
INV05462,PST00004,PMT00002,2021-04-22,2021-05-22,2021-05-07,155757,0,69,155810,ORD97052
INV72056,PST00002,PMT00003,2021-01-19,2021-02-19,2021-03-05,113130,1118,52,114317,ORD14567
INV76626,PST00004,PMT00002,2021-05-03,2021-06-03,2021-05-18,95853,0,13,95905,ORD18464
INV04099,PST00001,PMT00001,2022-02-12,2022-03-12,2022-02-27,61113,0,74,61126,ORD81822
INV54064,PST00003,PMT00003,2020-11-09,2020-12-09,2020-11-24,174400,0,56,174474,ORD57007
INV09722,PST00002,PMT00001,2022-07-14,2022-08-14,2022-08-28,89978,7554,57,97588,ORD82143
INV45219,PST00003,PMT00002,2022-11-04,2022-12-04,2022-11-19,134066,0,78,134123,ORD00255
INV75721,PST00002,PMT00004,2022-06-07,2022-07-07,2022-07-22,96132,1274,17,97484,ORD30491
INV60401,PST00003,PMT00004,2021-01-29,2021-02-28,2021-02-13,272188,0,4,272205,ORD48131
INV69515,PST00002,PMT00001,2022-11-22,2022-12-22,2023-01-06,42320,2406,80,44730,ORD01975
INV79320,PST00003,PMT00003,2020-07-09,2020-08-09,2020-07-24,236368,0,20,236448,ORD50529
INV39470,PST00004,PMT00002,2022-07-05,2022-08-05,2022-07-20,262565,0,38,262585,ORD41497
INV95763,PST00004,PMT00002,2021-02-18,2021-03-18,2021-03-05,161840,0,27,161878,ORD42817
INV27559,PST00001,PMT00003,2022-02-06,2022-03-06,2022-02-21,114710,0,39,114737,ORD76271
INV97257,PST00002,PMT00001,2021-05-10,2021-06-10,2021-06-24,93559,9357,71,102955,ORD19719
INV93585,PST00002,PMT00004,2022-06-25,2022-07-25,2022-08-09,109966,1751,7,111788,ORD67572
INV59342,PST00002,PMT00002,2021-09-19,2021-10-19,2021-11-03,122287,3472,5,125766,ORD44734
INV04582,PST00003,PMT00003,2020-07-28,2020-08-28,2020-08-12,110164,0,77,110169,ORD95109
INV80466,PST00002,PMT00001,2021-12-01,2022-01-01,2022-01-15,86622,3909,24,90608,ORD14949
INV15459,PST00002,PMT00001,2021-01-19,2021-02-19,2021-03-05,32184,2859,71,35067,ORD16794
INV94776,PST00004,PMT00001,2021-04-28,2021-05-28,2021-05-13,110676,0,65,110747,ORD23398
INV46863,PST00004,PMT00004,2021-05-05,2021-06-05,2021-05-20,102334,0,21,102399,ORD27326
INV59601,PST00001,PMT00004,2021-11-12,2021-12-12,2021-11-27,91334,0,74,91355,ORD95225
INV45528,PST00004,PMT00003,2020-05-02,2020-06-02,2020-05-17,121576,0,21,121650,ORD67468
INV37154,PST00003,PMT00004,2022-03-03,2022-04-03,2022-03-18,181924,0,28,181945,ORD99505
INV45604,PST00004,PMT00002,2022-06-10,2022-07-10,2022-06-25,104223,0,7,104251,ORD38111
INV76700,PST00004,PMT00001,2021-10-24,2021-11-24,2021-11-08,194193,0,43,194200,ORD24939
INV74125,PST00004,PMT00001,2021-11-24,2021-12-24,2021-12-09,261652,0,48,261695,ORD79040
INV62453,PST00003,PMT00003,2022-09-02,2022-10-02,2022-09-17,113982,0,63,114030,ORD24561
INV80842,PST00002,PMT00004,2021-12-07,2022-01-07,2022-01-21,111246,1237,3,112546,ORD43171
INV14740,PST00004,PMT00004,2022-09-14,2022-10-14,2022-09-29,163058,0,39,163061,ORD98249
INV30128,PST00003,PMT00002,2023-02-28,2023-03-28,2023-03-15,307616,0,73,307655,ORD35306
INV16285,PST00004,PMT00001,2021-06-09,2021-07-09,2021-06-24,40230,0,35,40303,ORD91886
INV73614,PST00002,PMT00003,2020-06-09,2020-07-09,2020-07-24,268012,7809,23,275856,ORD68132
INV99780,PST00001,PMT00002,2023-03-25,2023-04-25,2023-04-09,246384,0,42,246407,ORD13388
INV27886,PST00001,PMT00001,2020-11-30,2020-12-30,2020-12-15,76710,0,50,76752,ORD40431
INV79449,PST00001,PMT00001,2022-09-17,2022-10-17,2022-10-02,155712,0,67,155762,ORD74853
INV95715,PST00002,PMT00004,2020-05-13,2020-06-13,2020-06-27,60299,9436,65,69802,ORD61445
INV49898,PST00003,PMT00004,2020-06-10,2020-07-10,2020-06-25,283597,0,16,283662,ORD54925
INV49369,PST00004,PMT00002,2020-06-16,2020-07-16,2020-07-01,122727,0,38,122743,ORD65648
INV48052,PST00002,PMT00004,2023-03-24,2023-04-24,2023-05-08,217146,5314,28,222498,ORD02459
INV64110,PST00003,PMT00004,2020-09-21,2020-10-21,2020-10-06,244878,0,70,244906,ORD28869
INV50525,PST00002,PMT00004,2021-05-28,2021-06-28,2021-07-12,153714,6678,59,160462,ORD09198
INV11036,PST00003,PMT00004,2021-01-09,2021-02-09,2021-01-24,128064,0,3,128123,ORD59328
INV54151,PST00003,PMT00001,2023-03-20,2023-04-20,2023-04-04,144624,0,27,144627,ORD10422
INV47655,PST00002,PMT00004,2020-09-09,2020-10-09,2020-10-24,144912,9055,47,153994,ORD88099
INV17848,PST00002,PMT00003,2023-03-25,2023-04-25,2023-05-09,81816,4368,57,86231,ORD40388
INV51998,PST00003,PMT00002,2022-06-19,2022-07-19,2022-07-04,153853,0,15,153910,ORD02052
INV25082,PST00003,PMT00002,2020-08-16,2020-09-16,2020-08-31,312509,0,80,312524,ORD29241
INV29755,PST00001,PMT00004,2022-09-02,2022-10-02,2022-09-17,160832,0,14,160912,ORD72139
INV45769,PST00002,PMT00001,2022-12-04,2023-01-04,2023-01-18,171562,2066,15,173642,ORD06286
INV52332,PST00001,PMT00002,2022-11-02,2022-12-02,2022-11-17,35397,0,12,35412,ORD50211
INV53918,PST00003,PMT00003,2022-06-06,2022-07-06,2022-06-21,68364,0,24,68376,ORD51512
INV32113,PST00002,PMT00003,2020-06-23,2020-07-23,2020-08-07,120507,4724,29,125255,ORD18113
INV53760,PST00002,PMT00001,2020-10-12,2020-11-12,2020-11-26,84040,2362,79,86431,ORD35289
INV97070,PST00002,PMT00001,2021-09-03,2021-10-03,2021-10-18,127376,8202,52,135657,ORD94194
INV92192,PST00001,PMT00003,2020-08-27,2020-09-27,2020-09-11,166467,0,31,166519,ORD94002
INV31896,PST00003,PMT00004,2021-05-05,2021-06-05,2021-05-20,155160,0,51,155191,ORD38955
INV98067,PST00001,PMT00003,2022-04-03,2022-05-03,2022-04-18,183668,0,47,183719,ORD38888
INV95132,PST00004,PMT00001,2021-11-26,2021-12-26,2021-12-11,97551,0,76,97598,ORD10455
INV12225,PST00002,PMT00004,2023-03-15,2023-04-15,2023-04-29,65346,1717,56,67139,ORD65934
INV19000,PST00001,PMT00003,2022-06-07,2022-07-07,2022-06-22,130272,0,10,130328,ORD36443
INV14643,PST00004,PMT00002,2021-10-12,2021-11-12,2021-10-27,152901,0,68,152911,ORD18014
INV58455,PST00003,PMT00002,2021-09-22,2021-10-22,2021-10-07,219870,0,39,219938,ORD88518
INV87409,PST00002,PMT00003,2022-04-02,2022-05-02,2022-05-17,123719,1420,55,125178,ORD75560
INV09200,PST00004,PMT00001,2021-06-19,2021-07-19,2021-07-04,87134,0,9,87189,ORD61209
INV60628,PST00001,PMT00003,2021-01-18,2021-02-18,2021-02-02,136747,0,68,136756,ORD99865
INV89967,PST00003,PMT00003,2020-10-01,2020-11-01,2020-10-16,148872,0,20,148940,ORD39743
INV13806,PST00004,PMT00001,2022-07-21,2022-08-21,2022-08-05,95847,0,46,95867,ORD34161
INV42524,PST00002,PMT00001,2022-07-22,2022-08-22,2022-09-05,225995,2082,7,228123,ORD53373
INV45591,PST00002,PMT00001,2022-06-24,2022-07-24,2022-08-08,86350,3396,48,89753,ORD76690
INV15232,PST00004,PMT00001,2021-01-12,2021-02-12,2021-01-27,63054,0,50,63102,ORD47264
INV49674,PST00001,PMT00003,2020-11-15,2020-12-15,2020-11-30,247140,0,21,247190,ORD32720
INV06577,PST00001,PMT00001,2020-10-29,2020-11-29,2020-11-13,175760,0,5,175781,ORD96161
INV74469,PST00004,PMT00004,2022-06-10,2022-07-10,2022-06-25,117278,0,12,117283,ORD21789
INV46994,PST00003,PMT00004,2022-02-11,2022-03-11,2022-02-26,233913,0,17,233925,ORD63769
INV68349,PST00004,PMT00003,2020-12-23,2021-01-23,2021-01-07,168720,0,46,168737,ORD17639
INV38446,PST00002,PMT00004,2023-03-05,2023-04-05,2023-04-19,226890,6130,48,233066,ORD20890
INV48498,PST00003,PMT00001,2021-01-12,2021-02-12,2021-01-27,12202,0,31,12250,ORD13812
INV04220,PST00003,PMT00003,2021-03-24,2021-04-24,2021-04-08,166914,0,75,166945,ORD49944
INV63330,PST00003,PMT00003,2022-01-25,2022-02-25,2022-02-09,155480,0,58,155555,ORD96418
INV96937,PST00001,PMT00001,2020-11-23,2020-12-23,2020-12-08,104043,0,30,104101,ORD66837
INV60387,PST00004,PMT00002,2020-11-09,2020-12-09,2020-11-24,116241,0,48,116271,ORD84469
INV40174,PST00003,PMT00003,2022-09-14,2022-10-14,2022-09-29,122226,0,70,122274,ORD83755
INV81366,PST00001,PMT00003,2022-04-27,2022-05-27,2022-05-12,67964,0,47,68034,ORD25940
INV51335,PST00002,PMT00002,2021-03-03,2021-04-03,2021-04-17,58562,5212,33,63821,ORD77613
INV82586,PST00001,PMT00001,2021-09-29,2021-10-29,2021-10-14,219856,0,42,219889,ORD36665
INV22471,PST00004,PMT00001,2022-03-20,2022-04-20,2022-04-04,52042,0,69,52084,ORD79100
INV05714,PST00002,PMT00003,2020-07-30,2020-08-30,2020-09-13,90055,6765,63,96889,ORD34800
INV38336,PST00004,PMT00002,2021-03-27,2021-04-27,2021-04-11,62794,0,64,62857,ORD36483
INV79482,PST00004,PMT00004,2023-02-28,2023-03-28,2023-03-15,183654,0,20,183718,ORD66700
INV64161,PST00004,PMT00003,2022-01-29,2022-02-28,2022-02-13,136438,0,51,136458,ORD50404
INV99426,PST00004,PMT00001,2022-01-14,2022-02-14,2022-01-29,173385,0,64,173436,ORD54756
INV60459,PST00001,PMT00003,2020-05-03,2020-06-03,2020-05-18,180166,0,79,180230,ORD72241
INV18909,PST00004,PMT00003,2021-09-26,2021-10-26,2021-10-11,138394,0,50,138473,ORD26303
INV51519,PST00004,PMT00001,2022-09-15,2022-10-15,2022-09-30,207666,0,29,207716,ORD11819
INV89791,PST00001,PMT00001,2022-01-24,2022-02-24,2022-02-08,149668,0,50,149697,ORD75548
INV08157,PST00002,PMT00004,2022-08-13,2022-09-13,2022-09-27,172326,4840,13,177216,ORD90923
INV40854,PST00004,PMT00004,2022-04-02,2022-05-02,2022-04-17,166674,0,9,166687,ORD30614
INV00628,PST00001,PMT00003,2022-09-10,2022-10-10,2022-09-25,132880,0,43,132889,ORD82125
INV94071,PST00004,PMT00003,2022-02-12,2022-03-12,2022-02-27,319712,0,67,319740,ORD66713
INV14605,PST00001,PMT00004,2022-12-26,2023-01-26,2023-01-10,78148,0,1,78215,ORD70402
INV67622,PST00004,PMT00004,2022-12-01,2023-01-01,2022-12-16,88914,0,24,88915,ORD98966
INV52901,PST00002,PMT00003,2020-06-16,2020-07-16,2020-07-31,70273,6315,41,76612,ORD62050
INV14371,PST00001,PMT00002,2021-01-09,2021-02-09,2021-01-24,134176,0,22,134217,ORD58717
INV61343,PST00003,PMT00004,2020-11-06,2020-12-06,2020-11-21,157082,0,31,157104,ORD61092
INV26715,PST00004,PMT00002,2023-03-25,2023-04-25,2023-04-09,309937,0,5,309968,ORD71362
INV89786,PST00002,PMT00003,2021-03-17,2021-04-17,2021-05-01,92403,5919,47,98327,ORD72895
INV15112,PST00002,PMT00003,2020-09-07,2020-10-07,2020-10-22,215680,5060,25,220787,ORD22818
INV08078,PST00003,PMT00004,2020-08-16,2020-09-16,2020-08-31,143554,0,25,143579,ORD89454
INV86888,PST00002,PMT00001,2022-12-20,2023-01-20,2023-02-03,173156,4476,9,177657,ORD28494
INV83690,PST00003,PMT00002,2020-05-13,2020-06-13,2020-05-28,178396,0,3,178405,ORD53363
INV02909,PST00002,PMT00002,2022-11-22,2022-12-22,2023-01-06,232286,5286,30,237575,ORD38679
INV56078,PST00004,PMT00001,2020-10-03,2020-11-03,2020-10-18,130956,0,43,130986,ORD70010
INV97199,PST00004,PMT00001,2021-03-02,2021-04-02,2021-03-17,66328,0,26,66371,ORD12656
INV50559,PST00004,PMT00001,2020-06-18,2020-07-18,2020-07-03,233909,0,25,233935,ORD03648
INV51132,PST00001,PMT00002,2021-09-22,2021-10-22,2021-10-07,163716,0,77,163741,ORD68177
INV04089,PST00001,PMT00002,2022-10-29,2022-11-29,2022-11-13,199332,0,79,199409,ORD41889
INV07315,PST00001,PMT00004,2020-11-04,2020-12-04,2020-11-19,90047,0,69,90126,ORD91263
INV72650,PST00002,PMT00001,2022-10-09,2022-11-09,2022-11-23,163998,4430,79,168497,ORD41044
INV25121,PST00003,PMT00004,2020-10-03,2020-11-03,2020-10-18,54397,0,72,54476,ORD63564
INV57131,PST00003,PMT00001,2021-03-21,2021-04-21,2021-04-05,80379,0,67,80451,ORD78318
INV02735,PST00002,PMT00001,2021-11-08,2021-12-08,2021-12-23,218002,3574,15,221643,ORD56339
INV84552,PST00001,PMT00001,2022-09-14,2022-10-14,2022-09-29,109767,0,46,109782,ORD47450
INV09786,PST00001,PMT00004,2022-02-06,2022-03-06,2022-02-21,81264,0,41,81310,ORD84704
INV76318,PST00004,PMT00004,2022-12-26,2023-01-26,2023-01-10,68778,0,68,68819,ORD35860
INV01524,PST00001,PMT00003,2021-11-05,2021-12-05,2021-11-20,224616,0,38,224684,ORD27815
INV22775,PST00001,PMT00001,2020-12-24,2021-01-24,2021-01-08,105844,0,75,105882,ORD40097
INV51509,PST00003,PMT00001,2021-01-21,2021-02-21,2021-02-05,78350,0,69,78425,ORD52102
INV03045,PST00003,PMT00001,2022-11-30,2022-12-30,2022-12-15,85595,0,1,85664,ORD08735
INV70578,PST00002,PMT00003,2022-07-30,2022-08-30,2022-09-13,64854,1758,29,66613,ORD28978
INV16774,PST00003,PMT00003,2020-09-24,2020-10-24,2020-10-09,73639,0,17,73668,ORD24847
INV11695,PST00002,PMT00001,2020-12-07,2021-01-07,2021-01-21,91078,9937,43,101032,ORD97689
INV90722,PST00004,PMT00001,2021-07-14,2021-08-14,2021-07-29,116574,0,18,116617,ORD65591
INV80043,PST00002,PMT00003,2021-11-14,2021-12-14,2021-12-29,224308,2424,60,226750,ORD65490
INV99853,PST00003,PMT00003,2023-01-24,2023-02-24,2023-02-08,178845,0,55,178905,ORD09746
INV42046,PST00003,PMT00003,2021-11-12,2021-12-12,2021-11-27,54030,0,11,54085,ORD00699
INV31835,PST00003,PMT00001,2022-07-05,2022-08-05,2022-07-20,266725,0,44,266736,ORD03637
INV95823,PST00002,PMT00004,2023-01-13,2023-02-13,2023-02-27,82980,2722,77,85746,ORD70178
INV95445,PST00004,PMT00002,2021-07-07,2021-08-07,2021-07-22,52762,0,20,52839,ORD94671
INV46552,PST00002,PMT00001,2021-11-29,2021-12-29,2022-01-13,300756,4449,50,305225,ORD89784
INV47363,PST00004,PMT00003,2022-02-07,2022-03-07,2022-02-22,135896,0,7,135946,ORD97722
INV19924,PST00001,PMT00003,2021-04-28,2021-05-28,2021-05-13,97188,0,65,97195,ORD83036
INV11405,PST00003,PMT00002,2022-12-09,2023-01-09,2022-12-24,310070,0,2,310135,ORD32499
INV31004,PST00003,PMT00004,2021-10-03,2021-11-03,2021-10-18,151588,0,6,151590,ORD34578
INV11180,PST00001,PMT00001,2020-07-01,2020-08-01,2020-07-16,124924,0,33,124930,ORD66186
INV37332,PST00004,PMT00003,2020-06-22,2020-07-22,2020-07-07,188930,0,68,188963,ORD76073
INV10877,PST00004,PMT00001,2021-12-01,2022-01-01,2021-12-16,124696,0,67,124764,ORD19496
INV42920,PST00004,PMT00003,2022-01-29,2022-02-28,2022-02-13,314958,0,6,315025,ORD40086
INV11246,PST00001,PMT00004,2022-09-02,2022-10-02,2022-09-17,83418,0,44,83424,ORD95361
INV25111,PST00004,PMT00001,2022-05-12,2022-06-12,2022-05-27,65620,0,1,65664,ORD86076
INV00836,PST00001,PMT00003,2022-05-10,2022-06-10,2022-05-25,152870,0,1,152871,ORD95840
INV89176,PST00001,PMT00002,2021-06-09,2021-07-09,2021-06-24,145800,0,31,145801,ORD60575
INV07191,PST00003,PMT00003,2022-10-01,2022-11-01,2022-10-16,47652,0,58,47683,ORD79711
INV53102,PST00004,PMT00001,2022-09-17,2022-10-17,2022-10-02,114261,0,13,114319,ORD01743
INV93795,PST00004,PMT00004,2021-01-19,2021-02-19,2021-02-03,160634,0,25,160647,ORD94061
INV01604,PST00001,PMT00001,2020-05-10,2020-06-10,2020-05-25,101088,0,67,101113,ORD55446
INV51058,PST00004,PMT00001,2020-08-15,2020-09-15,2020-08-30,64592,0,57,64659,ORD96918
INV46923,PST00002,PMT00001,2022-04-14,2022-05-14,2022-05-29,161659,9596,35,171312,ORD12359
INV14393,PST00001,PMT00003,2021-06-05,2021-07-05,2021-06-20,213608,0,29,213643,ORD37260
INV64910,PST00002,PMT00002,2021-09-21,2021-10-21,2021-11-05,153408,3215,20,156652,ORD95265
INV97133,PST00004,PMT00002,2021-01-21,2021-02-21,2021-02-05,254996,0,32,255016,ORD10838
INV80795,PST00004,PMT00003,2022-07-01,2022-08-01,2022-07-16,156262,0,32,156294,ORD75789
INV36037,PST00002,PMT00004,2021-05-28,2021-06-28,2021-07-12,264844,5986,48,270862,ORD80111
INV85755,PST00001,PMT00002,2021-08-22,2021-09-22,2021-09-06,152834,0,31,152882,ORD35781
INV02158,PST00004,PMT00001,2021-05-28,2021-06-28,2021-06-12,131993,0,29,132024,ORD23175
INV47818,PST00003,PMT00001,2020-06-16,2020-07-16,2020-07-01,142521,0,60,142550,ORD47624
INV49547,PST00001,PMT00001,2021-09-14,2021-10-14,2021-09-29,104650,0,51,104710,ORD22704
INV01730,PST00001,PMT00003,2020-08-02,2020-09-02,2020-08-17,28751,0,26,28802,ORD69963
INV21245,PST00002,PMT00004,2022-11-26,2022-12-26,2023-01-10,226910,9549,38,236485,ORD96652
INV34018,PST00003,PMT00004,2022-10-29,2022-11-29,2022-11-13,169608,0,64,169646,ORD25737
INV29373,PST00003,PMT00004,2021-07-07,2021-08-07,2021-07-22,138755,0,3,138819,ORD61765
INV00655,PST00001,PMT00004,2021-11-29,2021-12-29,2021-12-14,293342,0,63,293345,ORD30811
INV37899,PST00003,PMT00001,2021-01-27,2021-02-27,2021-02-11,153629,0,16,153692,ORD91556
INV57453,PST00003,PMT00004,2020-06-18,2020-07-18,2020-07-03,241032,0,45,241048,ORD75613
INV66993,PST00004,PMT00003,2022-12-09,2023-01-09,2022-12-24,193820,0,58,193865,ORD89770
INV89663,PST00004,PMT00004,2023-04-16,2023-05-16,2023-05-01,200464,0,28,200522,ORD38719
INV35405,PST00002,PMT00004,2020-06-22,2020-07-22,2020-08-06,200288,4832,50,205148,ORD59717
INV24724,PST00001,PMT00003,2021-11-27,2021-12-27,2021-12-12,84434,0,30,84484,ORD25481
INV30955,PST00002,PMT00002,2023-02-06,2023-03-06,2023-03-23,225361,3306,51,228697,ORD55858
INV67772,PST00004,PMT00004,2021-01-29,2021-02-28,2021-02-13,143821,0,65,143872,ORD61123
INV43390,PST00003,PMT00004,2020-05-02,2020-06-02,2020-05-17,100416,0,54,100481,ORD88572
INV38894,PST00001,PMT00001,2022-12-08,2023-01-08,2022-12-23,76038,0,57,76092,ORD66086
INV99575,PST00004,PMT00004,2022-06-08,2022-07-08,2022-06-23,61544,0,21,61601,ORD71414
INV70883,PST00004,PMT00003,2022-05-15,2022-06-15,2022-05-30,115356,0,44,115377,ORD47175
INV90242,PST00002,PMT00002,2022-02-03,2022-03-03,2022-03-20,87335,3575,24,90954,ORD43772
INV89994,PST00004,PMT00002,2022-03-04,2022-04-04,2022-03-19,109920,0,10,109944,ORD68414
INV07586,PST00004,PMT00003,2020-06-09,2020-07-09,2020-06-24,200620,0,51,200630,ORD16418
INV04637,PST00003,PMT00001,2021-08-18,2021-09-18,2021-09-02,178960,0,76,179011,ORD20326
INV66722,PST00002,PMT00001,2022-03-08,2022-04-08,2022-04-22,100700,1689,45,102465,ORD84448
INV37453,PST00004,PMT00001,2022-06-19,2022-07-19,2022-07-04,182763,0,11,182808,ORD24527
INV48105,PST00004,PMT00001,2021-08-12,2021-09-12,2021-08-27,182077,0,31,182088,ORD59941
INV92255,PST00003,PMT00004,2021-09-14,2021-10-14,2021-09-29,97703,0,29,97734,ORD21995
INV90111,PST00003,PMT00004,2020-11-23,2020-12-23,2020-12-08,220681,0,5,220710,ORD42298
INV81774,PST00001,PMT00004,2021-10-19,2021-11-19,2021-11-03,174165,0,51,174170,ORD16447
INV96948,PST00001,PMT00002,2020-09-24,2020-10-24,2020-10-09,221672,0,31,221723,ORD58190
INV45674,PST00003,PMT00001,2022-07-05,2022-08-05,2022-07-20,185487,0,21,185518,ORD69342
INV17104,PST00001,PMT00003,2022-02-15,2022-03-15,2022-03-02,116463,0,2,116484,ORD54759
INV43798,PST00002,PMT00001,2023-03-12,2023-04-12,2023-04-26,120438,1451,73,121891,ORD04763
INV98400,PST00004,PMT00004,2022-06-14,2022-07-14,2022-06-29,80862,0,59,80935,ORD83950
INV62883,PST00001,PMT00003,2022-05-10,2022-06-10,2022-05-25,135822,0,61,135881,ORD44941
INV55988,PST00003,PMT00001,2021-03-25,2021-04-25,2021-04-09,78626,0,2,78687,ORD56056
INV50403,PST00004,PMT00003,2022-03-04,2022-04-04,2022-03-19,55060,0,70,55062,ORD07977
INV84622,PST00001,PMT00001,2020-12-28,2021-01-28,2021-01-12,53962,0,16,54032,ORD91731
INV88326,PST00004,PMT00001,2021-03-23,2021-04-23,2021-04-07,44186,0,23,44202,ORD80194
INV67049,PST00004,PMT00003,2020-06-08,2020-07-08,2020-06-23,96610,0,41,96633,ORD06725
INV24897,PST00002,PMT00003,2022-04-09,2022-05-09,2022-05-24,92393,5733,77,98167,ORD03810
INV73249,PST00002,PMT00002,2022-11-02,2022-12-02,2022-12-17,106354,4360,77,110791,ORD98833
INV50416,PST00004,PMT00002,2021-05-09,2021-06-09,2021-05-24,212034,0,43,212111,ORD19010
INV65086,PST00002,PMT00001,2023-01-14,2023-02-14,2023-02-28,239565,9544,6,249152,ORD06941
INV51840,PST00003,PMT00001,2021-08-30,2021-09-30,2021-09-14,105452,0,76,105458,ORD69351
INV71906,PST00001,PMT00001,2021-11-29,2021-12-29,2021-12-14,157100,0,23,157176,ORD37013
INV82305,PST00002,PMT00001,2021-11-26,2021-12-26,2022-01-10,25788,3163,5,28974,ORD68294
INV02900,PST00002,PMT00002,2023-03-20,2023-04-20,2023-05-04,191888,9722,65,201615,ORD60649
INV19682,PST00003,PMT00004,2022-09-15,2022-10-15,2022-09-30,170192,0,60,170257,ORD79132
INV15916,PST00003,PMT00004,2021-12-26,2022-01-26,2022-01-10,118163,0,47,118223,ORD12913
INV53470,PST00003,PMT00001,2022-04-10,2022-05-10,2022-04-25,176074,0,28,176121,ORD42032
INV32827,PST00003,PMT00001,2021-03-23,2021-04-23,2021-04-07,300124,0,72,300152,ORD72825
INV33019,PST00002,PMT00003,2023-04-05,2023-05-05,2023-05-20,57771,4641,13,62484,ORD49301
INV84859,PST00001,PMT00002,2022-07-19,2022-08-19,2022-08-03,98478,0,54,98491,ORD85665
INV10300,PST00002,PMT00002,2020-08-02,2020-09-02,2020-09-16,154354,1497,12,155905,ORD42946
INV35087,PST00001,PMT00004,2022-06-19,2022-07-19,2022-07-04,142050,0,35,142062,ORD29851
INV62730,PST00001,PMT00002,2022-01-29,2022-02-28,2022-02-13,163061,0,27,163096,ORD72349
INV19080,PST00004,PMT00003,2022-05-18,2022-06-18,2022-06-02,187667,0,45,187694,ORD35891
INV30147,PST00004,PMT00001,2022-12-23,2023-01-23,2023-01-07,178536,0,11,178581,ORD85052
INV88010,PST00003,PMT00003,2022-10-29,2022-11-29,2022-11-13,214196,0,8,214207,ORD62220
INV24998,PST00004,PMT00002,2022-02-06,2022-03-06,2022-02-21,116940,0,1,116948,ORD98149
INV05362,PST00004,PMT00002,2020-12-08,2021-01-08,2020-12-23,143660,0,30,143661,ORD59051
INV67930,PST00004,PMT00003,2021-08-12,2021-09-12,2021-08-27,233303,0,12,233333,ORD15246
INV33575,PST00004,PMT00004,2023-04-11,2023-05-11,2023-04-26,134337,0,62,134349,ORD77571
INV23664,PST00004,PMT00004,2022-07-30,2022-08-30,2022-08-14,44612,0,7,44674,ORD34013
INV58457,PST00004,PMT00001,2022-11-02,2022-12-02,2022-11-17,107291,0,28,107298,ORD15666
INV91541,PST00004,PMT00002,2020-11-03,2020-12-03,2020-11-18,259980,0,55,260008,ORD47587
INV55604,PST00001,PMT00003,2020-11-23,2020-12-23,2020-12-08,115686,0,80,115741,ORD16051
INV74392,PST00001,PMT00002,2023-01-11,2023-02-11,2023-01-26,129837,0,54,129917,ORD59146
INV55664,PST00001,PMT00002,2021-09-04,2021-10-04,2021-09-19,134025,0,38,134079,ORD82456
INV04497,PST00001,PMT00003,2021-05-14,2021-06-14,2021-05-29,126945,0,35,126983,ORD73552
INV40600,PST00003,PMT00001,2020-07-14,2020-08-14,2020-07-29,218914,0,39,218949,ORD80075
INV43099,PST00004,PMT00003,2021-11-12,2021-12-12,2021-11-27,242286,0,3,242325,ORD09699
INV88994,PST00001,PMT00004,2022-06-25,2022-07-25,2022-07-10,103832,0,58,103835,ORD80832
INV62582,PST00003,PMT00003,2022-02-15,2022-03-15,2022-03-02,191433,0,18,191491,ORD51004
INV77166,PST00003,PMT00002,2022-09-17,2022-10-17,2022-10-02,130194,0,76,130212,ORD40740
INV67672,PST00003,PMT00004,2022-06-14,2022-07-14,2022-06-29,157402,0,1,157478,ORD38385
INV15185,PST00004,PMT00003,2022-05-11,2022-06-11,2022-05-26,67414,0,64,67415,ORD99609
INV18978,PST00002,PMT00002,2020-09-11,2020-10-11,2020-10-26,232116,6507,35,238687,ORD61679
INV56637,PST00003,PMT00002,2023-04-29,2023-05-29,2023-05-14,142908,0,59,142943,ORD47573
INV82434,PST00001,PMT00001,2020-10-16,2020-11-16,2020-10-31,181008,0,25,181067,ORD89927
INV90243,PST00004,PMT00003,2021-07-14,2021-08-14,2021-07-29,33711,0,22,33736,ORD32368
INV66411,PST00001,PMT00001,2022-01-01,2022-02-01,2022-01-16,226035,0,54,226057,ORD05360
INV72747,PST00004,PMT00004,2023-03-20,2023-04-20,2023-04-04,158926,0,13,158980,ORD34024
INV38343,PST00003,PMT00002,2023-01-09,2023-02-09,2023-01-24,154703,0,70,154716,ORD90779
INV37537,PST00004,PMT00001,2020-08-23,2020-09-23,2020-09-07,203723,0,41,203793,ORD42987
INV96368,PST00002,PMT00001,2022-05-13,2022-06-13,2022-06-27,219598,2979,41,222618,ORD79221
INV45234,PST00002,PMT00001,2021-11-16,2021-12-16,2021-12-31,164931,9993,47,174965,ORD09742
INV80807,PST00001,PMT00003,2022-09-05,2022-10-05,2022-09-20,78504,0,69,78551,ORD29459
INV23579,PST00003,PMT00002,2022-03-20,2022-04-20,2022-04-04,67161,0,28,67230,ORD39725
INV27731,PST00001,PMT00003,2021-11-29,2021-12-29,2021-12-14,55584,0,39,55612,ORD24151
INV12121,PST00004,PMT00001,2022-07-10,2022-08-10,2022-07-25,165734,0,62,165773,ORD35837
INV21399,PST00003,PMT00001,2022-05-11,2022-06-11,2022-05-26,282780,0,33,282842,ORD79830
INV49123,PST00002,PMT00002,2022-10-13,2022-11-13,2022-11-27,242352,1241,18,243626,ORD99005
INV65640,PST00004,PMT00002,2021-05-05,2021-06-05,2021-05-20,218250,0,47,218268,ORD35035
INV73954,PST00003,PMT00004,2022-02-02,2022-03-02,2022-02-17,25460,0,53,25507,ORD00680
INV23598,PST00001,PMT00002,2020-06-13,2020-07-13,2020-06-28,153322,0,48,153375,ORD21947
INV29364,PST00002,PMT00002,2020-05-01,2020-06-01,2020-06-15,171273,7136,15,178457,ORD37672
INV26064,PST00002,PMT00002,2022-02-05,2022-03-05,2022-03-22,310576,2921,78,313512,ORD79513
INV89258,PST00003,PMT00002,2022-05-10,2022-06-10,2022-05-25,152724,0,65,152802,ORD68543
INV95620,PST00004,PMT00004,2020-10-07,2020-11-07,2020-10-22,59262,0,19,59327,ORD90283
INV84246,PST00001,PMT00002,2021-05-11,2021-06-11,2021-05-26,183010,0,11,183029,ORD81830
INV36258,PST00002,PMT00003,2022-03-20,2022-04-20,2022-05-04,194636,7977,6,202624,ORD94572
INV70937,PST00002,PMT00001,2021-02-26,2021-03-26,2021-04-12,117588,3180,27,120774,ORD09358
INV13348,PST00004,PMT00002,2022-09-14,2022-10-14,2022-09-29,110484,0,33,110511,ORD16975
INV11950,PST00001,PMT00002,2022-01-29,2022-02-28,2022-02-13,195800,0,34,195833,ORD42567
INV57036,PST00004,PMT00002,2021-02-17,2021-03-17,2021-03-04,121935,0,59,121969,ORD66925
INV07070,PST00001,PMT00001,2021-05-06,2021-06-06,2021-05-21,178439,0,55,178498,ORD35411
INV30959,PST00004,PMT00004,2022-10-15,2022-11-15,2022-10-30,77028,0,78,77083,ORD48245
INV33913,PST00004,PMT00003,2020-05-19,2020-06-19,2020-06-03,151018,0,1,151096,ORD83961
INV73521,PST00004,PMT00001,2020-05-04,2020-06-04,2020-05-19,68127,0,78,68128,ORD89171
INV82632,PST00003,PMT00001,2021-02-15,2021-03-15,2021-03-02,135888,0,47,135966,ORD40131
INV18536,PST00001,PMT00004,2023-04-12,2023-05-12,2023-04-27,101244,0,74,101291,ORD78109
INV78121,PST00003,PMT00004,2020-09-24,2020-10-24,2020-10-09,37037,0,69,37111,ORD53818
INV27966,PST00002,PMT00004,2020-05-16,2020-06-16,2020-06-30,88677,6172,7,94918,ORD69883
INV46118,PST00002,PMT00004,2021-03-23,2021-04-23,2021-05-07,113894,6240,47,120141,ORD49340
INV30388,PST00001,PMT00004,2022-03-03,2022-04-03,2022-03-18,59806,0,56,59853,ORD99108
INV24138,PST00004,PMT00003,2020-11-06,2020-12-06,2020-11-21,180842,0,23,180898,ORD96535
INV68785,PST00003,PMT00003,2022-03-19,2022-04-19,2022-04-03,74520,0,72,74543,ORD99503
INV18859,PST00002,PMT00004,2022-05-28,2022-06-28,2022-07-12,41993,3637,36,45702,ORD21844
INV41275,PST00001,PMT00004,2022-10-09,2022-11-09,2022-10-24,29280,0,26,29316,ORD17542
INV92913,PST00004,PMT00001,2022-02-28,2022-03-28,2022-03-15,91110,0,69,91136,ORD49140
INV32836,PST00003,PMT00001,2020-12-30,2021-01-30,2021-01-14,69300,0,71,69369,ORD42381
INV96523,PST00003,PMT00004,2022-03-20,2022-04-20,2022-04-04,45456,0,45,45527,ORD70622
INV87360,PST00002,PMT00001,2020-10-07,2020-11-07,2020-11-21,138624,7442,24,146111,ORD96525
INV13832,PST00002,PMT00002,2021-06-27,2021-07-27,2021-08-11,52703,1612,29,54339,ORD80767
INV94075,PST00002,PMT00002,2020-10-11,2020-11-11,2020-11-25,58896,5872,28,64797,ORD49371
INV89563,PST00002,PMT00001,2020-05-25,2020-06-25,2020-07-09,175028,2277,23,177333,ORD57050
INV79646,PST00003,PMT00001,2021-11-01,2021-12-01,2021-11-16,153612,0,44,153635,ORD64182
INV43217,PST00004,PMT00004,2023-03-23,2023-04-23,2023-04-07,69312,0,34,69356,ORD23429
INV06407,PST00001,PMT00002,2022-07-01,2022-08-01,2022-07-16,35658,0,77,35692,ORD60968
INV24550,PST00001,PMT00003,2022-05-12,2022-06-12,2022-05-27,115356,0,21,115433,ORD42190
INV64993,PST00004,PMT00002,2022-02-12,2022-03-12,2022-02-27,184620,0,80,184641,ORD08118
INV81076,PST00004,PMT00001,2023-04-05,2023-05-05,2023-04-20,36400,0,51,36480,ORD47352
INV29674,PST00004,PMT00004,2020-08-16,2020-09-16,2020-08-31,186540,0,31,186591,ORD28155
INV61684,PST00001,PMT00004,2021-05-06,2021-06-06,2021-05-21,192260,0,48,192291,ORD94640
INV93933,PST00003,PMT00004,2020-06-15,2020-07-15,2020-06-30,120000,0,12,120048,ORD51861
INV86446,PST00001,PMT00001,2021-10-12,2021-11-12,2021-10-27,65620,0,56,65632,ORD15704
INV78565,PST00001,PMT00002,2020-05-04,2020-06-04,2020-05-19,99541,0,59,99597,ORD75954
INV23385,PST00004,PMT00003,2022-06-24,2022-07-24,2022-07-09,104698,0,12,104757,ORD51500
INV81982,PST00004,PMT00002,2022-04-30,2022-05-30,2022-05-15,71420,0,9,71432,ORD36542
INV23135,PST00001,PMT00001,2021-09-29,2021-10-29,2021-10-14,90450,0,78,90459,ORD59204
INV52457,PST00004,PMT00004,2021-01-27,2021-02-27,2021-02-11,63440,0,5,63518,ORD47816
INV64760,PST00002,PMT00002,2022-12-25,2023-01-25,2023-02-08,124969,1150,31,126124,ORD55544
INV63870,PST00003,PMT00003,2021-03-25,2021-04-25,2021-04-09,72800,0,61,72831,ORD18025
INV54245,PST00004,PMT00001,2022-05-28,2022-06-28,2022-06-12,118212,0,73,118273,ORD60647
INV96365,PST00003,PMT00002,2021-09-30,2021-10-30,2021-10-15,35391,0,77,35464,ORD02160
INV55429,PST00002,PMT00001,2023-01-13,2023-02-13,2023-02-27,8917,2207,2,11201,ORD31808
INV18163,PST00001,PMT00002,2021-11-14,2021-12-14,2021-11-29,38350,0,33,38352,ORD03828
INV96122,PST00002,PMT00004,2022-02-07,2022-03-07,2022-03-24,17325,2418,71,19776,ORD70163
INV11764,PST00004,PMT00002,2020-07-09,2020-08-09,2020-07-24,82308,0,44,82379,ORD77990
INV38165,PST00001,PMT00004,2020-05-03,2020-06-03,2020-05-18,163047,0,19,163091,ORD94767
INV30472,PST00004,PMT00002,2023-03-05,2023-04-05,2023-03-20,27945,0,45,27964,ORD32115
INV13096,PST00003,PMT00002,2022-07-01,2022-08-01,2022-07-16,41993,0,26,42038,ORD87621
INV99689,PST00001,PMT00004,2022-11-20,2022-12-20,2022-12-05,104346,0,63,104372,ORD44590
INV10014,PST00002,PMT00004,2021-01-27,2021-02-27,2021-03-13,9851,8043,38,17957,ORD29693
INV60704,PST00002,PMT00002,2021-12-28,2022-01-28,2022-02-11,166158,8970,72,175166,ORD72272
INV20125,PST00001,PMT00003,2020-06-08,2020-07-08,2020-06-23,55746,0,26,55818,ORD15750
INV74756,PST00001,PMT00001,2022-01-19,2022-02-19,2022-02-03,97368,0,71,97394,ORD74924
INV51818,PST00001,PMT00002,2022-09-02,2022-10-02,2022-09-17,31662,0,12,31733,ORD57899
INV86844,PST00001,PMT00004,2022-02-12,2022-03-12,2022-02-27,171324,0,22,171336,ORD41741
INV80703,PST00002,PMT00003,2022-05-13,2022-06-13,2022-06-27,60788,2556,80,63366,ORD92732
INV14481,PST00002,PMT00003,2022-12-04,2023-01-04,2023-01-18,39384,4259,71,43723,ORD90549
INV56692,PST00004,PMT00003,2020-09-22,2020-10-22,2020-10-07,49080,0,63,49151,ORD07315
INV71960,PST00002,PMT00002,2023-03-05,2023-04-05,2023-04-19,28568,6636,12,35267,ORD39078
INV41024,PST00003,PMT00004,2020-07-30,2020-08-30,2020-08-14,167886,0,51,167898,ORD49820
INV68746,PST00003,PMT00001,2022-06-14,2022-07-14,2022-06-29,47955,0,48,48006,ORD79039
INV37007,PST00003,PMT00002,2020-10-07,2020-11-07,2020-10-22,133331,0,71,133379,ORD75493
INV81724,PST00003,PMT00004,2022-02-24,2022-03-24,2022-03-11,55272,0,28,55343,ORD66445
INV45935,PST00001,PMT00002,2020-11-09,2020-12-09,2020-11-24,54600,0,11,54628,ORD01588
INV99407,PST00004,PMT00004,2020-11-06,2020-12-06,2020-11-21,39264,0,32,39275,ORD93256
INV16029,PST00003,PMT00004,2023-04-02,2023-05-02,2023-04-17,118116,0,69,118148,ORD31850
INV76391,PST00003,PMT00003,2021-12-17,2022-01-17,2022-01-01,55170,0,51,55239,ORD53238
INV25212,PST00004,PMT00003,2022-08-09,2022-09-09,2022-08-24,8664,0,69,8715,ORD72834
INV23577,PST00004,PMT00002,2020-12-30,2021-01-30,2021-01-14,53502,0,41,53571,ORD54298
INV43428,PST00001,PMT00004,2021-05-11,2021-06-11,2021-05-26,105184,0,42,105225,ORD06162
INV05435,PST00003,PMT00004,2022-03-02,2022-04-02,2022-03-17,46060,0,15,46102,ORD62344
INV29732,PST00004,PMT00001,2022-12-23,2023-01-23,2023-01-07,113976,0,53,113991,ORD54865
INV51609,PST00001,PMT00004,2023-04-10,2023-05-10,2023-04-25,41912,0,16,41965,ORD45033
INV62572,PST00004,PMT00001,2023-02-06,2023-03-06,2023-02-21,115500,0,27,115516,ORD55999
INV60839,PST00003,PMT00002,2023-03-05,2023-04-05,2023-03-20,23553,0,11,23580,ORD86345
INV37253,PST00002,PMT00001,2020-07-09,2020-08-09,2020-08-23,66842,9011,49,75864,ORD49959
INV69790,PST00001,PMT00002,2022-01-29,2022-02-28,2022-02-13,97108,0,72,97157,ORD85134
INV48910,PST00003,PMT00001,2022-09-15,2022-10-15,2022-09-30,4923,0,9,4995,ORD89424
INV64013,PST00002,PMT00002,2022-11-22,2022-12-22,2023-01-06,31416,9156,80,40581,ORD69086
INV93657,PST00003,PMT00002,2023-02-22,2023-03-22,2023-03-09,53565,0,72,53645,ORD72487
INV15532,PST00003,PMT00003,2022-10-01,2022-11-01,2022-10-16,39215,0,53,39287,ORD24074
INV33176,PST00001,PMT00004,2022-04-14,2022-05-14,2022-04-29,42670,0,48,42723,ORD57549
INV15562,PST00002,PMT00003,2021-07-12,2021-08-12,2021-08-26,120000,7219,11,127267,ORD06458
INV70621,PST00002,PMT00003,2022-01-29,2022-02-28,2022-03-15,19692,2554,12,22257,ORD03512
INV00033,PST00004,PMT00002,2020-12-08,2021-01-08,2020-12-23,23562,0,48,23574,ORD93546
INV34288,PST00002,PMT00003,2021-02-05,2021-03-05,2021-03-22,7851,3878,46,11777,ORD07897
INV96063,PST00004,PMT00003,2020-06-22,2020-07-22,2020-07-07,37608,0,34,37654,ORD35320
INV29098,PST00001,PMT00002,2020-07-19,2020-08-19,2020-08-03,84420,0,77,84454,ORD76930
INV66284,PST00004,PMT00003,2020-07-30,2020-08-30,2020-08-14,106539,0,41,106616,ORD98690
INV10518,PST00004,PMT00004,2022-06-19,2022-07-19,2022-07-04,12060,0,74,12101,ORD15290
INV70569,PST00002,PMT00004,2023-03-24,2023-04-24,2023-05-08,88659,8872,52,97605,ORD30493
INV54906,PST00002,PMT00001,2020-07-28,2020-08-28,2020-09-11,36673,6547,71,43272,ORD14013
INV35593,PST00001,PMT00001,2021-04-11,2021-05-11,2021-04-26,42910,0,24,42981,ORD28224
INV03739,PST00004,PMT00004,2020-10-07,2020-11-07,2020-10-22,86640,0,10,86664,ORD68765
INV74717,PST00003,PMT00002,2021-07-12,2021-08-12,2021-07-27,18424,0,74,18434,ORD47375
INV26033,PST00001,PMT00004,2020-05-03,2020-06-03,2020-05-18,75075,0,44,75149,ORD55907
INV58334,PST00004,PMT00002,2022-06-19,2022-07-19,2022-07-04,19692,0,12,19736,ORD19196
INV63530,PST00001,PMT00001,2020-11-23,2020-12-23,2020-12-08,24997,0,16,25009,ORD83916
INV33864,PST00004,PMT00004,2022-04-09,2022-05-09,2022-04-24,58526,0,75,58542,ORD80419
INV37221,PST00003,PMT00002,2023-01-09,2023-02-09,2023-01-24,176560,0,12,176635,ORD19114
INV57594,PST00002,PMT00001,2020-12-07,2021-01-07,2021-01-21,147696,5905,44,153613,ORD24045
INV52895,PST00002,PMT00003,2020-05-22,2020-06-22,2020-07-06,17997,3682,36,21723,ORD48841
INV41708,PST00004,PMT00001,2020-10-12,2020-11-12,2020-10-27,6562,0,25,6598,ORD37786
INV82830,PST00001,PMT00002,2022-05-08,2022-06-08,2022-05-23,128968,0,80,128993,ORD95461
INV21350,PST00001,PMT00003,2020-12-08,2021-01-08,2020-12-23,147696,0,71,147776,ORD90079
INV27254,PST00004,PMT00003,2021-10-16,2021-11-16,2021-10-31,121576,0,22,121647,ORD20076
INV23513,PST00001,PMT00004,2022-12-21,2023-01-21,2023-01-05,44324,0,53,44346,ORD41391
INV62512,PST00001,PMT00003,2022-11-20,2022-12-20,2022-12-05,36673,0,35,36726,ORD06951
INV46696,PST00003,PMT00004,2022-09-02,2022-10-02,2022-09-17,147288,0,50,147323,ORD56321
INV69073,PST00003,PMT00001,2022-02-24,2022-03-24,2022-03-11,36780,0,22,36830,ORD32145
INV34436,PST00004,PMT00001,2021-09-01,2021-10-01,2021-09-16,86319,0,55,86341,ORD99463
INV95105,PST00003,PMT00004,2021-04-07,2021-05-07,2021-04-22,49552,0,11,49607,ORD49393
INV73344,PST00001,PMT00001,2020-08-27,2020-09-27,2020-09-11,62832,0,16,62843,ORD13712
INV66162,PST00004,PMT00004,2020-06-29,2020-07-29,2020-07-14,84420,0,57,84436,ORD39216
INV59178,PST00003,PMT00001,2021-08-24,2021-09-24,2021-09-08,9846,0,13,9903,ORD59113
INV00474,PST00002,PMT00002,2022-05-08,2022-06-08,2022-06-22,42966,5992,39,48971,ORD73370
INV46284,PST00001,PMT00002,2021-09-14,2021-10-14,2021-09-29,129824,0,48,129863,ORD59085
INV60052,PST00003,PMT00002,2021-06-27,2021-07-27,2021-07-12,24975,0,56,25023,ORD39023
INV33722,PST00003,PMT00001,2021-11-29,2021-12-29,2021-12-14,85932,0,1,85988,ORD53309
INV07422,PST00002,PMT00004,2022-09-29,2022-10-29,2022-11-13,49552,1519,19,51072,ORD46966
INV12824,PST00001,PMT00002,2020-06-03,2020-07-03,2020-06-18,139905,0,28,139924,ORD72124
INV78869,PST00004,PMT00004,2020-06-15,2020-07-15,2020-06-30,48065,0,18,48093,ORD71892
INV31489,PST00002,PMT00001,2023-04-28,2023-05-28,2023-06-12,98208,2369,68,100595,ORD16739
INV54829,PST00001,PMT00001,2022-10-01,2022-11-01,2022-10-16,67761,0,39,67829,ORD93678
INV90519,PST00004,PMT00003,2021-12-26,2022-01-26,2022-01-10,5239,0,69,5278,ORD15433
INV25600,PST00002,PMT00002,2020-07-12,2020-08-12,2020-08-26,35994,8440,6,44503,ORD64446
INV85764,PST00003,PMT00001,2022-09-15,2022-10-15,2022-09-30,55386,0,69,55392,ORD16358
INV15307,PST00001,PMT00004,2022-01-24,2022-02-24,2022-02-08,31335,0,4,31404,ORD57617
INV98182,PST00004,PMT00001,2022-08-09,2022-09-09,2022-08-24,94302,0,48,94306,ORD00647
INV09444,PST00003,PMT00003,2020-12-23,2021-01-23,2021-01-07,157080,0,30,157128,ORD84156
INV67253,PST00004,PMT00003,2022-01-22,2022-02-22,2022-02-06,21660,0,69,21690,ORD67027
INV81733,PST00003,PMT00001,2022-12-04,2023-01-04,2022-12-19,58560,0,12,58629,ORD05242
INV92297,PST00003,PMT00001,2021-12-30,2022-01-30,2022-01-14,147765,0,3,147777,ORD19828
INV78491,PST00001,PMT00003,2020-11-03,2020-12-03,2020-11-18,281646,0,70,281649,ORD81940
INV58864,PST00003,PMT00004,2022-04-05,2022-05-05,2022-04-20,124838,0,43,124908,ORD37974
INV58201,PST00001,PMT00004,2021-10-09,2021-11-09,2021-10-24,28839,0,22,28882,ORD31492
INV63878,PST00004,PMT00003,2023-02-28,2023-03-28,2023-03-15,64484,0,23,64506,ORD61420
INV27316,PST00004,PMT00003,2022-11-20,2022-12-20,2022-12-05,117792,0,27,117815,ORD22656
INV15781,PST00003,PMT00001,2020-09-24,2020-10-24,2020-10-09,79794,0,12,79821,ORD68080
INV85688,PST00001,PMT00002,2021-09-01,2021-10-01,2021-09-16,141174,0,71,141186,ORD34405
INV55070,PST00004,PMT00001,2022-11-19,2022-12-19,2022-12-04,145730,0,50,145801,ORD49399
INV07042,PST00004,PMT00003,2022-02-11,2022-03-11,2022-02-26,13650,0,7,13700,ORD07649
INV21462,PST00002,PMT00001,2020-08-15,2020-09-15,2020-09-29,60300,4987,1,65294,ORD62422
INV60655,PST00004,PMT00003,2020-06-11,2020-07-11,2020-06-26,34992,0,60,34993,ORD55734
INV67825,PST00002,PMT00002,2023-03-23,2023-04-23,2023-05-07,99104,6107,50,105271,ORD21907
INV22297,PST00002,PMT00004,2023-04-13,2023-05-13,2023-05-28,36400,2732,54,39182,ORD70457
INV20382,PST00002,PMT00001,2023-04-15,2023-05-15,2023-05-30,98208,3522,22,101784,ORD48458
INV99511,PST00001,PMT00004,2022-05-10,2022-06-10,2022-05-25,116376,0,30,116398,ORD19042
INV35893,PST00003,PMT00001,2021-09-26,2021-10-26,2021-10-11,91868,0,75,91898,ORD42857
INV43059,PST00002,PMT00004,2022-08-22,2022-09-22,2022-10-06,72800,5025,11,77900,ORD27543
INV03049,PST00002,PMT00002,2023-02-06,2023-03-06,2023-03-23,48065,4809,37,52885,ORD25217
INV50502,PST00004,PMT00002,2022-10-25,2022-11-25,2022-11-09,56403,0,76,56440,ORD19130
INV59686,PST00002,PMT00004,2020-11-30,2020-12-30,2021-01-14,24975,2450,63,27501,ORD23480
INV34887,PST00002,PMT00004,2023-04-02,2023-05-02,2023-05-17,85462,2735,64,88260,ORD66847
INV44813,PST00003,PMT00004,2022-09-05,2022-10-05,2022-09-20,139905,0,70,139969,ORD36918
INV92345,PST00002,PMT00001,2022-11-02,2022-12-02,2022-12-17,73644,6908,77,80622,ORD89735
INV88472,PST00003,PMT00001,2022-04-29,2022-05-29,2022-05-14,39255,0,23,39332,ORD71350
INV46123,PST00001,PMT00003,2021-03-24,2021-04-24,2021-04-08,19440,0,17,19463,ORD06078
INV65364,PST00001,PMT00004,2021-11-04,2021-12-04,2021-11-19,125616,0,41,125633,ORD43697
INV45332,PST00004,PMT00001,2022-07-05,2022-08-05,2022-07-20,73026,0,17,73067,ORD28450
INV27232,PST00001,PMT00001,2023-01-19,2023-02-19,2023-02-03,100272,0,54,100289,ORD63069
INV61679,PST00003,PMT00003,2022-12-21,2023-01-21,2023-01-05,20956,0,3,21010,ORD73293
INV00344,PST00002,PMT00002,2022-09-17,2022-10-17,2022-11-01,89520,1783,71,91306,ORD04837
INV36107,PST00001,PMT00002,2022-07-30,2022-08-30,2022-08-14,24120,0,74,24191,ORD96840
INV01247,PST00002,PMT00003,2022-05-11,2022-06-11,2022-06-25,63136,7155,52,70365,ORD64687
INV41999,PST00004,PMT00004,2020-05-02,2020-06-02,2020-05-17,35994,0,23,36046,ORD14686
INV67167,PST00004,PMT00001,2023-01-28,2023-02-28,2023-02-12,25752,0,72,25775,ORD30396
INV09961,PST00003,PMT00001,2022-07-17,2022-08-17,2022-08-01,18200,0,21,18272,ORD17357
INV29944,PST00002,PMT00003,2022-05-11,2022-06-11,2022-06-25,138180,2632,43,140833,ORD50967
INV22184,PST00003,PMT00003,2022-03-05,2022-04-05,2022-03-20,42518,0,65,42561,ORD53761
INV31783,PST00004,PMT00004,2022-12-04,2023-01-04,2022-12-19,143232,0,30,143297,ORD66585
INV31895,PST00002,PMT00002,2022-08-09,2022-09-09,2022-09-23,53565,3309,38,56904,ORD13061
INV66440,PST00001,PMT00001,2020-11-03,2020-12-03,2020-11-18,18360,0,43,18398,ORD16492
INV06289,PST00001,PMT00004,2022-09-14,2022-10-14,2022-09-29,150076,0,24,150119,ORD42037
INV30665,PST00003,PMT00004,2022-01-14,2022-02-14,2022-01-29,24975,0,55,24999,ORD97574
INV94567,PST00002,PMT00001,2021-05-05,2021-06-05,2021-06-19,37602,8264,12,45921,ORD12134
INV35440,PST00001,PMT00001,2021-07-14,2021-08-14,2021-07-29,18360,0,20,18372,ORD52174
INV87414,PST00001,PMT00002,2022-12-01,2023-01-01,2022-12-16,132420,0,55,132440,ORD04167
INV54450,PST00003,PMT00002,2020-05-04,2020-06-04,2020-05-19,141248,0,7,141303,ORD40889
INV44413,PST00003,PMT00002,2021-03-22,2021-04-22,2021-04-06,78540,0,16,78547,ORD34578
INV25382,PST00001,PMT00004,2020-08-27,2020-09-27,2020-09-11,62670,0,10,62686,ORD69620
INV26102,PST00003,PMT00003,2022-01-22,2022-02-22,2022-02-06,163096,0,5,163106,ORD11217
INV97953,PST00004,PMT00004,2022-02-07,2022-03-07,2022-02-22,85230,0,9,85235,ORD70365
INV63481,PST00002,PMT00002,2021-10-16,2021-11-16,2021-11-30,111554,4119,3,115682,ORD99625
INV53789,PST00004,PMT00003,2022-02-24,2022-03-24,2022-03-11,53712,0,21,53715,ORD60941
INV11941,PST00001,PMT00001,2022-03-26,2022-04-26,2022-04-10,95984,0,55,96005,ORD96645
INV37903,PST00002,PMT00003,2020-11-03,2020-12-03,2020-12-18,281646,7683,59,289384,ORD81940
INV25540,PST00001,PMT00001,2021-04-01,2021-05-01,2021-04-16,59990,0,35,60049,ORD05259
INV15094,PST00004,PMT00002,2023-03-05,2023-04-05,2023-03-20,124906,0,13,124941,ORD77213
INV56206,PST00004,PMT00001,2022-11-30,2022-12-30,2022-12-15,124969,0,78,124982,ORD14741
INV12624,PST00004,PMT00002,2021-09-22,2021-10-22,2021-10-07,92040,0,68,92118,ORD58933
INV80502,PST00002,PMT00002,2023-02-06,2023-03-06,2023-03-23,70587,7404,19,78059,ORD85252
INV16385,PST00001,PMT00004,2022-11-16,2022-12-16,2022-12-01,19722,0,63,19741,ORD47054
INV97316,PST00001,PMT00001,2022-09-06,2022-10-06,2022-09-21,45000,0,35,45063,ORD80050
INV95729,PST00001,PMT00002,2022-12-09,2023-01-09,2022-12-24,149232,0,41,149267,ORD28910
INV48805,PST00002,PMT00001,2022-07-14,2022-08-14,2022-08-28,95304,1414,43,96759,ORD03213
INV64686,PST00001,PMT00003,2021-02-18,2021-03-18,2021-03-05,35668,0,65,35711,ORD57853
INV25808,PST00004,PMT00003,2023-02-16,2023-03-16,2023-03-03,159834,0,56,159899,ORD83147
INV91617,PST00002,PMT00001,2020-06-11,2020-07-11,2020-07-26,89985,9536,71,99577,ORD22994
INV91383,PST00001,PMT00003,2023-03-25,2023-04-25,2023-04-09,65373,0,27,65444,ORD15927
INV70323,PST00004,PMT00001,2021-02-09,2021-03-09,2021-02-24,106539,0,14,106566,ORD61623
INV10269,PST00002,PMT00004,2020-08-13,2020-09-13,2020-09-27,48592,3229,63,51835,ORD96119
INV15821,PST00004,PMT00003,2021-04-07,2021-05-07,2021-04-22,68957,0,35,69020,ORD96987
INV97936,PST00003,PMT00003,2022-07-19,2022-08-19,2022-08-03,182647,0,61,182682,ORD88152
INV04401,PST00002,PMT00001,2022-08-01,2022-09-01,2022-09-15,93537,4855,10,98453,ORD13390
INV80014,PST00003,PMT00001,2022-03-04,2022-04-04,2022-03-19,17904,0,30,17914,ORD18914
INV49240,PST00003,PMT00002,2022-01-25,2022-02-25,2022-02-09,153456,0,14,153486,ORD89687
INV98164,PST00001,PMT00002,2021-05-08,2021-06-08,2021-05-23,4550,0,4,4564,ORD56614
INV79245,PST00004,PMT00001,2021-12-28,2022-01-28,2022-01-12,121296,0,9,121300,ORD06781
INV10797,PST00004,PMT00004,2022-04-02,2022-05-02,2022-04-17,111492,0,56,111501,ORD31317
INV87858,PST00004,PMT00001,2022-12-25,2023-01-25,2023-01-09,39215,0,57,39271,ORD80162
INV74423,PST00004,PMT00003,2022-01-14,2022-02-14,2022-01-29,9327,0,29,9384,ORD05915
INV78526,PST00002,PMT00004,2021-11-16,2021-12-16,2021-12-31,47590,6272,76,53891,ORD39560
INV01626,PST00001,PMT00002,2020-11-19,2020-12-19,2020-12-04,138944,0,14,139020,ORD46872
INV97255,PST00001,PMT00002,2021-04-01,2021-05-01,2021-04-16,56820,0,72,56834,ORD75031
INV39453,PST00004,PMT00003,2022-12-04,2023-01-04,2022-12-19,52703,0,13,52775,ORD88591
INV76874,PST00002,PMT00004,2020-09-21,2020-10-21,2020-11-05,69472,1574,7,71059,ORD67333
INV11050,PST00003,PMT00004,2022-06-19,2022-07-19,2022-07-04,112632,0,25,112639,ORD42469
INV30526,PST00001,PMT00001,2022-06-14,2022-07-14,2022-06-29,27216,0,52,27241,ORD20550
INV16248,PST00003,PMT00003,2020-05-20,2020-06-20,2020-06-04,17829,0,52,17881,ORD68872
INV24017,PST00001,PMT00003,2021-05-09,2021-06-09,2021-05-24,91868,0,10,91920,ORD11590
INV71544,PST00003,PMT00002,2021-05-04,2021-06-04,2021-05-19,163421,0,54,163431,ORD91082
INV14820,PST00001,PMT00003,2021-12-01,2022-01-01,2021-12-16,97877,0,65,97931,ORD54080
INV58885,PST00003,PMT00002,2021-10-29,2021-11-29,2021-11-13,26856,0,73,26921,ORD51992
INV41012,PST00004,PMT00003,2021-12-07,2022-01-07,2021-12-22,34736,0,22,34809,ORD11605
INV95285,PST00001,PMT00004,2022-01-29,2022-02-28,2022-02-13,164616,0,44,164638,ORD34412
INV44238,PST00003,PMT00004,2022-08-13,2022-09-13,2022-08-28,85306,0,48,85350,ORD18837
INV52703,PST00001,PMT00002,2020-07-20,2020-08-20,2020-08-04,8114,0,30,8162,ORD35756
INV31897,PST00001,PMT00004,2020-08-16,2020-09-16,2020-08-31,38880,0,44,38910,ORD12759
INV79980,PST00003,PMT00001,2021-01-18,2021-02-18,2021-02-02,74925,0,70,74969,ORD12332
INV80448,PST00004,PMT00001,2021-05-28,2021-06-28,2021-06-12,157840,0,39,157910,ORD20429
INV57669,PST00004,PMT00001,2023-01-11,2023-02-11,2023-01-26,42768,0,18,42807,ORD69681
INV80343,PST00002,PMT00003,2021-01-19,2021-02-19,2021-03-05,120000,8657,61,128675,ORD95743
INV89764,PST00004,PMT00004,2022-09-15,2022-10-15,2022-09-30,42840,0,35,42901,ORD80366
INV96010,PST00003,PMT00001,2020-05-16,2020-06-16,2020-05-31,31514,0,38,31549,ORD33568
INV88389,PST00003,PMT00002,2022-08-21,2022-09-21,2022-09-05,3518,0,39,3556,ORD48105
INV06244,PST00001,PMT00002,2020-06-10,2020-07-10,2020-06-25,150000,0,10,150039,ORD79461
INV75271,PST00003,PMT00003,2022-02-05,2022-03-05,2022-02-20,163047,0,34,163057,ORD33096
INV00818,PST00004,PMT00004,2023-03-23,2023-04-23,2023-04-07,30150,0,78,30184,ORD71295
INV39477,PST00002,PMT00003,2023-04-29,2023-05-29,2023-06-13,4502,6584,60,11164,ORD82921
INV59425,PST00004,PMT00004,2022-06-07,2022-07-07,2022-06-22,3571,0,27,3631,ORD41534
INV90483,PST00002,PMT00002,2021-05-11,2021-06-11,2021-06-25,176560,9770,2,186357,ORD17787
INV40771,PST00003,PMT00004,2020-06-22,2020-07-22,2020-07-07,126640,0,59,126642,ORD77855
INV28546,PST00003,PMT00004,2022-05-10,2022-06-10,2022-05-25,59076,0,8,59135,ORD80308
INV06333,PST00004,PMT00004,2021-03-22,2021-04-22,2021-04-06,29553,0,37,29561,ORD65158
INV96912,PST00004,PMT00001,2023-03-03,2023-04-03,2023-03-18,74616,0,74,74653,ORD69218
INV10549,PST00004,PMT00004,2021-05-28,2021-06-28,2021-06-12,115921,0,57,115995,ORD59254
INV49430,PST00002,PMT00002,2020-10-30,2020-11-30,2020-12-14,25068,1856,30,26981,ORD49739
INV67774,PST00004,PMT00001,2020-07-01,2020-08-01,2020-07-16,94980,0,65,95010,ORD40946
INV21033,PST00001,PMT00003,2020-11-09,2020-12-09,2020-11-24,111758,0,16,111823,ORD09535
INV41411,PST00001,PMT00004,2023-02-28,2023-03-28,2023-03-15,85820,0,9,85836,ORD72639
INV12841,PST00004,PMT00002,2020-07-26,2020-08-26,2020-08-10,97877,0,23,97886,ORD70268
INV22903,PST00002,PMT00004,2022-01-20,2022-02-20,2022-03-06,24615,9194,9,33832,ORD37605
INV00487,PST00004,PMT00002,2021-05-10,2021-06-10,2021-05-25,128063,0,79,128072,ORD06478
INV14837,PST00002,PMT00002,2020-07-20,2020-08-20,2020-09-03,54901,8258,14,63238,ORD10259
INV33121,PST00002,PMT00003,2021-11-05,2021-12-05,2021-12-20,39404,6155,70,45573,ORD74845
INV80010,PST00003,PMT00003,2021-09-30,2021-10-30,2021-10-15,35391,0,78,35461,ORD02160
INV03532,PST00003,PMT00004,2021-02-01,2021-03-01,2021-02-16,67530,0,61,67608,ORD06264
INV03108,PST00001,PMT00003,2022-04-29,2022-05-29,2022-05-14,37645,0,76,37706,ORD06399
INV45425,PST00004,PMT00004,2022-06-19,2022-07-19,2022-07-04,37164,0,70,37240,ORD79395
INV04263,PST00002,PMT00003,2020-09-22,2020-10-22,2020-11-06,71028,8438,34,79536,ORD83040
INV21743,PST00001,PMT00002,2022-06-26,2022-07-26,2022-07-11,73656,0,76,73690,ORD68324
INV97531,PST00004,PMT00001,2020-08-16,2020-09-16,2020-08-31,133518,0,24,133594,ORD75043
INV70371,PST00004,PMT00001,2022-07-13,2022-08-13,2022-07-28,78510,0,17,78534,ORD90349
INV59769,PST00001,PMT00004,2022-06-14,2022-07-14,2022-06-29,102510,0,43,102527,ORD28371
INV10728,PST00001,PMT00002,2021-05-28,2021-06-28,2021-06-12,158355,0,77,158398,ORD27722
INV86284,PST00003,PMT00003,2021-02-09,2021-03-09,2021-02-24,18996,0,1,19073,ORD16268
INV27850,PST00002,PMT00003,2022-05-11,2022-06-11,2022-06-25,42216,9117,36,51334,ORD98320
INV30422,PST00003,PMT00001,2022-12-23,2023-01-23,2023-01-07,107976,0,27,108012,ORD64205
INV62987,PST00004,PMT00001,2020-12-28,2021-01-28,2021-01-12,10713,0,72,10740,ORD94558
INV54346,PST00003,PMT00003,2022-06-14,2022-07-14,2022-06-29,4550,0,63,4622,ORD93043
INV97201,PST00001,PMT00002,2022-01-14,2022-02-14,2022-01-29,134582,0,70,134645,ORD27201
INV07157,PST00002,PMT00001,2020-09-24,2020-10-24,2020-11-08,184240,8637,39,192947,ORD83879
INV26302,PST00003,PMT00001,2022-04-20,2022-05-20,2022-05-05,43320,0,31,43359,ORD69560
INV32234,PST00002,PMT00002,2022-04-03,2022-05-03,2022-05-18,103968,8052,32,112051,ORD44358
INV69959,PST00002,PMT00002,2022-06-25,2022-07-25,2022-08-09,4550,9605,30,14187,ORD12909
INV06472,PST00004,PMT00002,2021-08-08,2021-09-08,2021-08-23,30150,0,65,30180,ORD53926
INV36979,PST00002,PMT00001,2022-05-28,2022-06-28,2022-07-12,66626,1420,44,68111,ORD46363
INV51038,PST00002,PMT00001,2021-10-03,2021-11-03,2021-11-17,48065,3602,39,51711,ORD91871
INV10725,PST00003,PMT00001,2022-05-10,2022-06-10,2022-05-25,30650,0,42,30689,ORD02391
INV19611,PST00001,PMT00002,2021-11-08,2021-12-08,2021-11-23,31404,0,76,31446,ORD62754
INV63902,PST00002,PMT00004,2021-09-21,2021-10-21,2021-11-05,47106,3968,80,51150,ORD36396
INV36964,PST00002,PMT00003,2022-06-08,2022-07-08,2022-07-23,177213,2606,7,179899,ORD61865
INV31559,PST00004,PMT00003,2021-05-19,2021-06-19,2021-06-03,16650,0,75,16657,ORD89167
INV81460,PST00002,PMT00001,2022-01-01,2022-02-01,2022-02-15,7500,6003,61,13578,ORD53294
INV27603,PST00002,PMT00002,2022-01-29,2022-02-28,2022-03-15,77350,8006,52,85417,ORD50137
INV92527,PST00001,PMT00003,2021-06-05,2021-07-05,2021-06-20,79452,0,44,79504,ORD78269
INV90431,PST00001,PMT00001,2022-09-02,2022-10-02,2022-09-17,28206,0,43,28250,ORD97492
INV96859,PST00001,PMT00003,2021-09-04,2021-10-04,2021-09-19,52500,0,71,52543,ORD77600
INV62275,PST00001,PMT00001,2021-09-14,2021-10-14,2021-09-29,38880,0,80,38951,ORD67504
INV46346,PST00004,PMT00001,2021-08-24,2021-09-24,2021-09-08,18462,0,6,18542,ORD09990
INV79191,PST00002,PMT00002,2023-04-11,2023-05-11,2023-05-26,60648,2618,1,63272,ORD58012
INV75843,PST00002,PMT00002,2023-01-13,2023-02-13,2023-02-27,73200,3879,7,77080,ORD53986
INV38556,PST00003,PMT00001,2022-03-03,2022-04-03,2022-03-18,7670,0,54,7677,ORD39101
INV82213,PST00002,PMT00002,2022-01-04,2022-02-04,2022-02-18,48684,2488,43,51226,ORD55187
INV51027,PST00003,PMT00003,2023-02-06,2023-03-06,2023-02-21,19440,0,31,19483,ORD34045
INV22968,PST00001,PMT00001,2021-07-12,2021-08-12,2021-07-27,102408,0,52,102439,ORD21148
INV34843,PST00002,PMT00002,2021-05-05,2021-06-05,2021-06-19,28144,2394,80,30590,ORD51930
INV46701,PST00001,PMT00004,2021-10-12,2021-11-12,2021-10-27,47106,0,80,47186,ORD49517
INV62518,PST00002,PMT00003,2021-11-28,2021-12-28,2022-01-12,121710,8945,25,130735,ORD51838
INV05880,PST00001,PMT00004,2022-11-26,2022-12-26,2022-12-11,160506,0,34,160531,ORD69007
INV55376,PST00001,PMT00001,2021-05-09,2021-06-09,2021-05-24,120464,0,41,120498,ORD40686
INV64348,PST00001,PMT00004,2020-12-07,2021-01-07,2020-12-22,39460,0,49,39501,ORD22662
INV35111,PST00002,PMT00002,2021-02-25,2021-03-25,2021-04-11,196320,5582,72,201951,ORD86498
INV88922,PST00001,PMT00001,2022-11-27,2022-12-27,2022-12-12,154166,0,53,154238,ORD23113
INV30662,PST00002,PMT00004,2021-02-17,2021-03-17,2021-04-03,7670,2040,4,9763,ORD80096
INV36595,PST00004,PMT00001,2021-11-24,2021-12-24,2021-12-09,66330,0,17,66334,ORD29764
INV06305,PST00004,PMT00003,2021-04-22,2021-05-22,2021-05-07,73872,0,6,73889,ORD25043
INV86351,PST00002,PMT00002,2020-12-28,2021-01-28,2021-02-11,42840,3641,66,46487,ORD50323
INV61335,PST00004,PMT00003,2020-11-03,2020-12-03,2020-11-18,8917,0,28,8983,ORD93682
INV13559,PST00003,PMT00004,2022-08-25,2022-09-25,2022-09-09,53502,0,64,53530,ORD91388
INV88268,PST00004,PMT00001,2022-08-13,2022-09-13,2022-08-28,36400,0,51,36464,ORD50380
INV95141,PST00002,PMT00004,2022-06-07,2022-07-07,2022-07-22,48065,2872,45,50988,ORD79996
INV13642,PST00002,PMT00001,2022-03-08,2022-04-08,2022-04-22,9231,4257,56,13533,ORD73892
INV57938,PST00003,PMT00004,2020-12-29,2021-01-29,2021-01-13,48065,0,64,48121,ORD31092
INV92146,PST00004,PMT00002,2022-01-20,2022-02-20,2022-02-04,55242,0,27,55306,ORD42037
INV89140,PST00003,PMT00004,2021-05-05,2021-06-05,2021-05-20,61796,0,35,61823,ORD02200
INV19601,PST00001,PMT00003,2021-01-21,2021-02-21,2021-02-05,61300,0,45,61335,ORD69325
INV19219,PST00003,PMT00002,2022-01-04,2022-02-04,2022-01-19,133467,0,28,133512,ORD78201
INV95008,PST00001,PMT00004,2022-05-15,2022-06-15,2022-05-30,58275,0,18,58303,ORD91543
INV53438,PST00002,PMT00004,2021-12-01,2022-01-01,2022-01-15,18360,6249,56,24627,ORD02227
INV41957,PST00002,PMT00003,2022-03-26,2022-04-26,2022-05-10,19182,5101,30,24339,ORD72871
INV89712,PST00001,PMT00003,2021-10-12,2021-11-12,2021-10-27,55272,0,54,55302,ORD82834
INV85624,PST00004,PMT00002,2020-10-11,2020-11-11,2020-10-26,81900,0,66,81954,ORD59484
INV25398,PST00001,PMT00002,2023-03-26,2023-04-26,2023-04-10,28144,0,7,28210,ORD23864
INV26611,PST00004,PMT00001,2023-03-05,2023-04-05,2023-03-20,48684,0,45,48691,ORD00671
INV18661,PST00003,PMT00003,2023-02-16,2023-03-16,2023-03-03,133467,0,15,133512,ORD84747
INV70761,PST00001,PMT00002,2020-05-22,2020-06-22,2020-06-06,86361,0,31,86376,ORD17562
INV47166,PST00004,PMT00004,2023-03-28,2023-04-28,2023-04-12,27981,0,10,28012,ORD88951
INV73447,PST00001,PMT00002,2021-12-07,2022-01-07,2021-12-22,57629,0,24,57639,ORD97509
INV03879,PST00003,PMT00003,2022-09-17,2022-10-17,2022-10-02,25068,0,64,25092,ORD62249
INV17050,PST00004,PMT00003,2022-07-21,2022-08-21,2022-08-05,157080,0,73,157144,ORD19218
INV66884,PST00001,PMT00002,2021-09-22,2021-10-22,2021-10-07,5943,0,18,6016,ORD21990
INV06997,PST00004,PMT00004,2023-03-09,2023-04-09,2023-03-24,130578,0,54,130596,ORD38843
INV71948,PST00004,PMT00001,2020-07-03,2020-08-03,2020-07-18,18222,0,26,18276,ORD13297
INV90248,PST00004,PMT00001,2022-04-23,2022-05-23,2022-05-08,98080,0,73,98106,ORD61558
INV79379,PST00002,PMT00002,2022-02-12,2022-03-12,2022-03-29,71616,4192,26,75881,ORD57866
INV71086,PST00003,PMT00004,2022-10-09,2022-11-09,2022-10-24,149850,0,8,149876,ORD92852
INV40342,PST00001,PMT00002,2020-05-19,2020-06-19,2020-06-03,23100,0,10,23108,ORD50079
INV83734,PST00004,PMT00001,2020-12-30,2021-01-30,2021-01-14,102596,0,37,102606,ORD51947
INV41174,PST00004,PMT00001,2021-09-04,2021-10-04,2021-09-19,105406,0,79,105443,ORD05798
INV25381,PST00001,PMT00003,2021-09-14,2021-10-14,2021-09-29,51975,0,22,52054,ORD75929
INV94777,PST00002,PMT00003,2021-05-10,2021-06-10,2021-06-24,47124,1209,31,48355,ORD16219
INV00482,PST00003,PMT00002,2022-07-27,2022-08-27,2022-08-11,9004,0,50,9035,ORD16836
INV84316,PST00003,PMT00004,2021-09-26,2021-10-26,2021-10-11,139905,0,25,139955,ORD32669
INV53177,PST00003,PMT00003,2022-05-10,2022-06-10,2022-05-25,161136,0,66,161161,ORD18952
INV60110,PST00002,PMT00003,2022-04-02,2022-05-02,2022-05-17,122760,6059,70,128885,ORD04607
INV37849,PST00004,PMT00002,2022-01-03,2022-02-03,2022-01-18,97600,0,74,97670,ORD41445
INV68152,PST00004,PMT00004,2022-04-09,2022-05-09,2022-04-24,43869,0,4,43943,ORD96232
INV78250,PST00002,PMT00004,2022-01-25,2022-02-25,2022-03-11,42840,3800,25,46644,ORD53199
INV83386,PST00001,PMT00004,2022-09-14,2022-10-14,2022-09-29,70360,0,7,70385,ORD29433
INV42580,PST00004,PMT00001,2021-03-24,2021-04-24,2021-04-08,47590,0,74,47597,ORD77803
INV25482,PST00004,PMT00004,2022-06-21,2022-07-21,2022-07-06,10554,0,35,10628,ORD86348
INV67780,PST00004,PMT00001,2021-08-12,2021-09-12,2021-08-27,131240,0,46,131275,ORD20308
INV95398,PST00001,PMT00003,2023-04-16,2023-05-16,2023-05-01,115406,0,20,115452,ORD31013
INV42414,PST00003,PMT00002,2021-04-06,2021-05-06,2021-04-21,49552,0,17,49572,ORD41094
INV84223,PST00002,PMT00001,2022-07-06,2022-08-06,2022-08-20,17325,3730,67,21072,ORD48549
INV28820,PST00003,PMT00002,2021-08-22,2021-09-22,2021-09-06,150000,0,59,150067,ORD06800
INV52493,PST00001,PMT00002,2020-07-30,2020-08-30,2020-08-14,78768,0,37,78827,ORD87041
INV60920,PST00004,PMT00003,2022-03-19,2022-04-19,2022-04-03,5943,0,9,5980,ORD60746
INV27756,PST00004,PMT00002,2020-06-13,2020-07-13,2020-06-28,103968,0,23,103977,ORD91349
INV63480,PST00003,PMT00003,2022-06-17,2022-07-17,2022-07-02,86517,0,19,86540,ORD38819
INV41332,PST00002,PMT00002,2022-03-20,2022-04-20,2022-05-04,70686,7470,53,78175,ORD35120
INV62264,PST00001,PMT00004,2023-03-20,2023-04-20,2023-04-04,21426,0,80,21479,ORD04507
INV67616,PST00001,PMT00003,2022-04-14,2022-05-14,2022-04-29,89254,0,15,89334,ORD62027
INV92213,PST00004,PMT00002,2022-01-01,2022-02-01,2022-01-16,134582,0,78,134597,ORD65063
INV72517,PST00002,PMT00002,2021-08-11,2021-09-11,2021-09-25,70686,6652,26,77416,ORD44391
INV97546,PST00003,PMT00001,2023-04-13,2023-05-13,2023-04-28,105743,0,36,105769,ORD57405
INV34197,PST00004,PMT00004,2020-07-12,2020-08-12,2020-07-27,39215,0,55,39251,ORD96079
INV40751,PST00002,PMT00003,2021-04-12,2021-05-12,2021-05-27,15000,8401,8,23456,ORD02950
INV70755,PST00004,PMT00003,2020-11-15,2020-12-15,2020-11-30,84618,0,26,84626,ORD71213
INV70377,PST00001,PMT00004,2022-06-07,2022-07-07,2022-06-22,12664,0,69,12690,ORD57168
INV59690,PST00004,PMT00001,2021-12-28,2022-01-28,2022-01-12,156860,0,67,156929,ORD46073
INV51429,PST00003,PMT00001,2023-04-11,2023-05-11,2023-04-26,24342,0,9,24409,ORD85847
INV70254,PST00002,PMT00002,2020-10-01,2020-11-01,2020-11-15,86273,9978,3,96260,ORD25819
INV30980,PST00003,PMT00002,2021-09-14,2021-10-14,2021-09-29,6332,0,39,6335,ORD41744
INV95457,PST00001,PMT00002,2020-05-04,2020-06-04,2020-05-19,54978,0,35,55017,ORD76958
INV66605,PST00003,PMT00002,2021-11-12,2021-12-12,2021-11-27,11664,0,48,11699,ORD97225
INV26355,PST00002,PMT00004,2022-08-25,2022-09-25,2022-10-09,19632,9521,29,29201,ORD64801
INV31694,PST00002,PMT00003,2022-04-16,2022-05-16,2022-05-31,12060,7038,24,19127,ORD58076
INV29509,PST00001,PMT00002,2022-02-12,2022-03-12,2022-02-27,34656,0,65,34680,ORD78697
INV50979,PST00004,PMT00003,2022-09-15,2022-10-15,2022-09-30,111554,0,5,111619,ORD64566
INV09432,PST00001,PMT00002,2022-01-20,2022-02-20,2022-02-04,62670,0,36,62675,ORD40026
INV15140,PST00003,PMT00004,2022-04-26,2022-05-26,2022-05-11,85230,0,26,85266,ORD42674
INV50866,PST00001,PMT00003,2023-04-29,2023-05-29,2023-05-14,22510,0,21,22536,ORD47531
INV21926,PST00002,PMT00002,2020-07-03,2020-08-03,2020-08-17,45734,5772,72,51527,ORD81771
INV82818,PST00001,PMT00003,2022-11-02,2022-12-02,2022-11-17,48684,0,75,48756,ORD39939
INV56054,PST00004,PMT00003,2020-09-11,2020-10-11,2020-09-26,39460,0,17,39535,ORD12708
INV61379,PST00001,PMT00003,2020-11-30,2020-12-30,2020-12-15,34992,0,19,35009,ORD02386
INV67225,PST00003,PMT00004,2021-05-05,2021-06-05,2021-05-20,60232,0,25,60251,ORD77677
INV38458,PST00002,PMT00001,2021-03-23,2021-04-23,2021-05-07,125328,4313,42,129666,ORD12821
INV86360,PST00002,PMT00004,2022-01-24,2022-02-24,2022-03-10,77976,6263,44,84281,ORD13325
INV68680,PST00002,PMT00001,2023-04-10,2023-05-10,2023-05-25,83943,1673,47,85660,ORD75225
INV44034,PST00002,PMT00003,2023-02-22,2023-03-22,2023-04-08,92040,3466,18,95553,ORD61362
INV57235,PST00004,PMT00003,2021-08-24,2021-09-24,2021-09-08,22750,0,77,22768,ORD82076
INV39469,PST00001,PMT00002,2022-01-17,2022-02-17,2022-02-01,36780,0,15,36857,ORD86153
INV25176,PST00003,PMT00004,2023-03-25,2023-04-25,2023-04-09,8114,0,12,8129,ORD60358
INV23042,PST00002,PMT00003,2022-01-01,2022-02-01,2022-02-15,101983,1421,73,103416,ORD27412
INV95993,PST00001,PMT00002,2021-08-12,2021-09-12,2021-08-27,29448,0,63,29521,ORD71000
INV35198,PST00004,PMT00002,2021-12-30,2022-01-30,2022-01-14,56988,0,8,57051,ORD36128
INV86389,PST00001,PMT00001,2022-02-06,2022-03-06,2022-02-21,19722,0,78,19730,ORD54149
INV23937,PST00004,PMT00001,2022-11-02,2022-12-02,2022-11-17,39460,0,16,39538,ORD96731
INV29682,PST00003,PMT00001,2020-06-22,2020-07-22,2020-07-07,154512,0,3,154528,ORD69025
INV56580,PST00003,PMT00003,2020-09-08,2020-10-08,2020-09-23,8114,0,65,8117,ORD77428
INV28304,PST00002,PMT00002,2020-09-24,2020-10-24,2020-11-08,9004,9032,58,18101,ORD95028
INV89583,PST00004,PMT00001,2020-10-11,2020-11-11,2020-10-26,127608,0,75,127666,ORD34690
INV25067,PST00001,PMT00001,2021-05-04,2021-06-04,2021-05-19,39780,0,48,39855,ORD43892
INV12626,PST00003,PMT00002,2021-07-20,2021-08-20,2021-08-04,24520,0,14,24568,ORD44608
INV41347,PST00004,PMT00004,2022-03-04,2022-04-04,2022-03-19,39774,0,13,39788,ORD18339
INV82857,PST00004,PMT00002,2021-01-09,2021-02-09,2021-01-24,69300,0,17,69313,ORD25259
INV86907,PST00004,PMT00004,2023-01-05,2023-02-05,2023-01-20,156927,31,2,156975,ORD64716
