quote_id,expiration_date,discount,total_amount,created_date,revision_number,opportunity_id,quote_status_id
QUO22778,Na,24,181737,2020-10-19,2,OPP72164,QST00001
QUO48546,Na,7,129360,2022-12-20,3,OPP71452,QST00002
QUO40080,2020-04-08,4,101609,2020-03-08,2,OPP67300,QST00003
QUO67150,2021-09-09,24,96792,2021-08-09,3,OPP66037,QST00004
QUO58665,Na,2,119796,2022-09-01,3,OPP16752,QST00005
QUO59697,Na,13,135828,2020-04-09,1,OPP93457,QST00006
QUO47287,2020-08-13,19,208738,2020-07-13,1,OPP19278,QST00007
QUO30650,Na,5,204054,2022-05-28,3,OPP44014,QST00008
QUO42085,2021-03-28,10,180942,2021-02-28,2,OPP29842,QST00009
QUO18076,Na,12,199332,2022-01-09,2,OPP63877,QST00010
QUO55504,Na,7,134176,2020-10-09,3,OPP70176,QST00011
QUO97762,Na,10,191174,2022-06-15,1,OPP86999,QST00012
QUO92354,2022-10-18,10,102941,2022-09-18,1,OPP32011,QST00013
QUO05616,2020-05-27,5,176048,2020-04-27,1,OPP37758,QST00014
QUO74774,2021-08-19,5,87152,2021-07-19,1,OPP76123,QST00015
QUO67020,Na,11,130114,2020-02-22,1,OPP21761,QST00016
QUO08235,2021-02-22,11,155757,2021-01-22,1,OPP50532,QST00017
QUO89300,Na,12,113130,2020-10-19,2,OPP72164,QST00018
QUO57320,Na,19,95853,2021-02-03,3,OPP53257,QST00019
QUO47673,Na,25,61113,2021-11-12,1,OPP94608,QST00020
QUO03038,2020-09-09,21,174400,2020-08-09,2,OPP54557,QST00021
QUO87409,2022-05-14,5,89978,2022-04-14,2,OPP08130,QST00022
QUO92836,Na,16,134066,2022-08-04,1,OPP79670,QST00023
QUO80134,Na,7,96132,2022-03-07,2,OPP34242,QST00024
QUO08944,2020-11-29,2,272188,2020-10-29,3,OPP95121,QST00025
QUO55608,2022-09-22,6,42320,2022-08-22,3,OPP72183,QST00026
QUO03681,2020-05-09,21,236368,2020-04-09,2,OPP82556,QST00027
QUO31724,Na,24,262565,2022-04-05,3,OPP14653,QST00028
QUO61663,Na,18,161840,2020-11-18,3,OPP71115,QST00029
QUO89653,2021-12-06,8,114710,2021-11-06,1,OPP40628,QST00030
QUO43517,2021-03-10,3,93559,2021-02-10,2,OPP83158,QST00031
QUO43741,2022-04-25,3,109966,2022-03-25,1,OPP86247,QST00032
QUO68897,Na,6,122287,2021-06-19,2,OPP44858,QST00033
QUO15967,Na,23,110164,2020-04-28,3,OPP41043,QST00034
QUO04879,2021-10-01,15,86622,2021-09-01,3,OPP91824,QST00035
QUO39620,Na,6,32184,2020-10-19,3,OPP72164,QST00036
QUO57822,2021-02-28,13,110676,2021-01-28,2,OPP56105,QST00037
QUO60496,Na,22,102334,2021-02-05,2,OPP12619,QST00038
QUO92644,Na,6,91334,2021-08-12,2,OPP22057,QST00039
QUO17980,2020-03-02,13,121576,2020-02-02,2,OPP37355,QST00040
QUO41481,2022-01-03,22,181924,2021-12-03,3,OPP11028,QST00041
QUO18770,2022-04-10,7,104223,2022-03-10,2,OPP58384,QST00042
QUO34143,2021-08-24,24,194193,2021-07-24,1,OPP07950,QST00043
QUO51678,2021-09-24,21,261652,2021-08-24,2,OPP84587,QST00044
QUO80342,2022-07-02,22,113982,2022-06-02,1,OPP19669,QST00045
QUO66540,2021-10-07,18,111246,2021-09-07,3,OPP07225,QST00046
QUO63490,Na,25,163058,2022-06-14,2,OPP95171,QST00047
QUO58331,2022-12-30,9,307616,2022-11-30,1,OPP61530,QST00048
QUO15978,2021-04-09,25,40230,2021-03-09,1,OPP76039,QST00049
QUO39411,2020-04-09,23,268012,2020-03-09,1,OPP58736,QST00050
QUO75436,Na,5,246384,2022-12-25,1,OPP89700,QST00051
QUO82061,Na,4,76710,2020-08-30,3,OPP20375,QST00052
QUO45345,Na,8,155712,2022-06-17,2,OPP98191,QST00053
QUO28321,2020-03-13,23,60299,2020-02-13,3,OPP76415,QST00054
QUO11502,2020-04-10,17,283597,2020-03-10,1,OPP67772,QST00055
QUO62422,2020-04-16,18,122727,2020-03-16,3,OPP33921,QST00056
QUO19729,Na,11,217146,2022-12-24,3,OPP97109,QST00057
QUO23048,Na,10,244878,2020-06-21,1,OPP04972,QST00058
QUO03610,2021-03-28,10,153714,2021-02-28,2,OPP29842,QST00059
QUO54674,Na,16,128064,2020-10-09,2,OPP70176,QST00060
QUO61943,Na,25,144624,2022-12-20,1,OPP54142,QST00061
QUO86093,Na,22,144912,2020-06-09,2,OPP95853,QST00062
QUO24253,Na,11,81816,2022-12-25,1,OPP89700,QST00063
QUO48682,2022-04-19,4,153853,2022-03-19,3,OPP74333,QST00064
QUO24334,2020-06-16,2,312509,2020-05-16,1,OPP99253,QST00065
QUO60220,2022-07-02,1,160832,2022-06-02,3,OPP19669,QST00066
QUO80090,Na,15,171562,2022-09-04,2,OPP23268,QST00067
QUO47560,Na,8,35397,2022-08-02,2,OPP03839,QST00068
QUO33042,2022-04-06,12,68364,2022-03-06,2,OPP04783,QST00069
QUO53874,2020-04-23,25,120507,2020-03-23,1,OPP06056,QST00070
QUO71481,Na,16,84040,2020-07-12,3,OPP54263,QST00071
QUO45880,Na,21,127376,2021-06-03,3,OPP24133,QST00072
QUO84316,2020-06-27,13,166467,2020-05-27,1,OPP85762,QST00073
QUO54735,Na,9,155160,2021-02-05,1,OPP12619,QST00074
QUO85063,Na,22,183668,2022-01-03,1,OPP50696,QST00075
QUO80975,2021-09-26,1,97551,2021-08-26,2,OPP90628,QST00076
QUO83441,Na,16,65346,2022-12-15,3,OPP13364,QST00077
QUO23594,Na,19,130272,2022-03-07,1,OPP34242,QST00078
QUO06699,Na,19,152901,2021-07-12,1,OPP35409,QST00079
QUO89682,Na,19,219870,2021-06-22,1,OPP51386,QST00080
QUO07876,Na,18,123719,2022-01-02,3,OPP25069,QST00081
QUO00872,Na,24,87134,2021-03-19,2,OPP32439,QST00082
QUO95290,2020-11-18,25,136747,2020-10-18,2,OPP47719,QST00083
QUO58473,2020-08-01,2,148872,2020-07-01,2,OPP12627,QST00084
QUO90443,2022-05-21,11,95847,2022-04-21,2,OPP85126,QST00085
QUO41215,Na,18,225995,2022-04-22,1,OPP52556,QST00086
QUO34390,Na,16,86350,2022-03-24,3,OPP91886,QST00087
QUO47415,Na,14,63054,2020-10-12,3,OPP45580,QST00088
QUO61769,2020-09-15,7,247140,2020-08-15,1,OPP98021,QST00089
QUO48309,Na,8,175760,2020-07-29,3,OPP40832,QST00090
QUO06507,2022-04-10,14,117278,2022-03-10,1,OPP58384,QST00091
QUO68861,Na,11,233913,2021-11-11,2,OPP93630,QST00092
QUO93208,Na,6,168720,2020-09-23,1,OPP44319,QST00093
QUO22161,2023-01-05,6,226890,2022-12-05,3,OPP08770,QST00094
QUO92368,Na,7,12202,2020-10-12,1,OPP45580,QST00095
QUO09188,Na,10,166914,2020-12-24,3,OPP92414,QST00096
QUO65534,Na,24,155480,2021-10-25,1,OPP97495,QST00097
QUO97414,Na,14,104043,2020-08-23,3,OPP73239,QST00098
QUO37517,Na,13,116241,2020-08-09,3,OPP23451,QST00099
QUO64683,Na,12,122226,2022-06-14,2,OPP95171,QST00100
QUO58594,2022-02-27,10,67964,2022-01-27,3,OPP09204,QST00101
QUO29813,2021-01-03,19,58562,2020-12-03,1,OPP81541,QST00102
QUO96448,2021-07-29,11,219856,2021-06-29,1,OPP13035,QST00103
QUO64833,Na,25,52042,2021-12-20,3,OPP93303,QST00104
QUO83854,Na,2,90055,2020-04-30,1,OPP36674,QST00105
QUO39792,Na,23,62794,2020-12-27,1,OPP46090,QST00106
QUO95608,2022-12-30,21,183654,2022-11-30,2,OPP61530,QST00107
QUO61688,Na,8,136438,2021-10-29,2,OPP73531,QST00108
QUO79339,Na,16,173385,2021-10-14,3,OPP32455,QST00109
QUO39267,Na,2,180166,2020-02-03,3,OPP46060,QST00110
QUO21812,Na,16,138394,2021-06-26,2,OPP05944,QST00111
QUO73792,Na,11,207666,2022-06-15,3,OPP65722,QST00112
QUO65805,2021-11-24,6,149668,2021-10-24,1,OPP51977,QST00113
QUO61998,2022-06-13,19,172326,2022-05-13,1,OPP44074,QST00114
QUO61508,Na,5,166674,2022-01-02,3,OPP25069,QST00115
QUO94090,Na,12,132880,2022-06-10,2,OPP25558,QST00116
QUO81828,Na,17,220929,2020-11-18,1,OPP71115,QST00117
QUO00814,Na,4,319712,2021-11-12,3,OPP94608,QST00118
QUO65076,Na,22,78148,2022-09-26,1,OPP61662,QST00119
QUO66439,Na,13,88914,2022-09-01,1,OPP16752,QST00120
QUO63305,Na,2,70273,2020-03-16,2,OPP80931,QST00121
QUO55504,Na,15,134176,2023-01-14,1,OPP20624,QST00122
QUO11888,Na,9,157082,2020-08-06,2,OPP53050,QST00123
QUO03999,Na,13,309937,2022-12-25,3,OPP89700,QST00124
QUO43053,2021-01-17,22,92403,2020-12-17,2,OPP32495,QST00125
QUO35296,Na,20,215680,2020-06-07,1,OPP26128,QST00126
QUO17527,2020-06-16,25,143554,2020-05-16,1,OPP11804,QST00127
QUO87959,2022-10-20,3,173156,2022-09-20,3,OPP59199,QST00128
QUO42881,2020-03-13,15,178396,2020-02-13,2,OPP76415,QST00129
QUO91116,2022-09-22,24,232286,2022-08-22,1,OPP72183,QST00130
QUO81725,2020-08-03,11,130956,2020-07-03,3,OPP73545,QST00131
QUO16181,Na,3,66328,2020-12-02,3,OPP29497,QST00132
QUO58597,2020-04-18,13,233909,2020-03-18,1,OPP73977,QST00133
QUO46585,2021-07-22,17,163716,2021-06-22,3,OPP13646,QST00134
QUO04863,2022-08-29,2,199332,2022-07-29,1,OPP03731,QST00135
QUO96304,Na,17,90047,2020-08-04,2,OPP11293,QST00136
QUO88891,2022-08-09,25,163998,2022-07-09,1,OPP55934,QST00137
QUO31197,2020-08-03,7,54397,2020-07-03,2,OPP73545,QST00138
QUO68094,2021-01-21,14,80379,2020-12-21,2,OPP17966,QST00139
QUO00013,2021-09-08,17,218002,2021-08-08,3,OPP88612,QST00140
QUO25789,Na,17,109767,2022-06-14,3,OPP95171,QST00141
QUO53444,2021-12-06,4,81264,2021-11-06,1,OPP79299,QST00142
QUO35258,Na,24,68778,2022-09-26,1,OPP61662,QST00143
QUO48009,Na,8,224616,2021-08-05,2,OPP37447,QST00144
QUO48105,2020-10-24,1,105844,2020-09-24,3,OPP75858,QST00145
QUO77891,2020-11-21,16,78350,2020-10-21,1,OPP92580,QST00146
QUO14071,2022-09-30,25,85595,2022-08-31,2,OPP42813,QST00147
QUO82096,2022-05-30,1,64854,2022-04-30,1,OPP03160,QST00148
QUO67913,Na,17,73639,2020-06-24,2,OPP94076,QST00149
QUO17526,2020-10-07,17,91078,2020-09-07,2,OPP72985,QST00150
QUO19226,2021-05-14,11,116574,2021-04-14,1,OPP11162,QST00151
QUO04613,Na,15,224308,2021-08-14,3,OPP88464,QST00152
QUO07569,2022-11-24,7,178845,2022-10-24,2,OPP45584,QST00153
QUO09108,Na,8,54030,2021-08-12,2,OPP93473,QST00154
QUO79425,Na,3,266725,2022-04-05,1,OPP14653,QST00155
QUO17542,2022-11-13,21,82980,2022-10-13,2,OPP10274,QST00156
QUO09841,2021-05-07,7,52762,2021-04-07,1,OPP02577,QST00157
QUO37607,2021-09-29,19,300756,2021-08-29,2,OPP09515,QST00158
QUO24598,2021-12-07,18,135896,2021-11-07,1,OPP70181,QST00159
QUO68073,2021-02-28,5,97188,2021-01-28,2,OPP56105,QST00160
QUO20777,Na,7,310070,2022-09-09,2,OPP95486,QST00161
QUO17987,2021-08-03,2,151588,2021-07-03,3,OPP51515,QST00162
QUO66353,2020-05-01,6,124924,2020-04-01,2,OPP05132,QST00163
QUO59272,Na,22,188930,2020-03-22,1,OPP40432,QST00164
QUO42496,2021-10-01,6,124696,2021-09-01,3,OPP91824,QST00165
QUO41709,2021-11-29,23,314958,2021-10-29,2,OPP08683,QST00166
QUO34905,2022-07-02,12,83418,2022-06-02,1,OPP19669,QST00167
QUO39602,Na,14,65620,2022-02-12,1,OPP61982,QST00168
QUO77362,2022-03-10,8,152870,2022-02-10,2,OPP29773,QST00169
QUO78468,2021-04-09,7,145800,2021-03-09,2,OPP76039,QST00170
QUO04915,Na,5,47652,2022-07-01,2,OPP85979,QST00171
QUO78953,Na,1,114261,2022-06-17,1,OPP98191,QST00172
QUO32045,Na,20,160634,2020-10-19,3,OPP72164,QST00173
QUO46931,Na,9,101088,2020-02-10,3,OPP17992,QST00174
QUO14412,2020-06-15,22,64592,2020-05-15,3,OPP44899,QST00175
QUO05095,Na,11,161659,2022-01-14,2,OPP44215,QST00176
QUO05139,Na,4,213608,2021-03-05,1,OPP77115,QST00177
QUO74394,Na,25,153408,2021-06-21,3,OPP97589,QST00178
QUO53266,2020-11-21,16,254996,2020-10-21,2,OPP92580,QST00179
QUO62929,2022-05-01,22,156262,2022-04-01,1,OPP37964,QST00180
QUO60637,2021-03-28,13,264844,2021-02-28,2,OPP29842,QST00181
QUO14330,Na,2,152834,2021-05-22,1,OPP98360,QST00182
QUO26384,Na,6,131993,2021-02-28,3,OPP34379,QST00183
QUO75181,2020-04-16,3,142521,2020-03-16,2,OPP33921,QST00184
QUO83188,Na,23,104650,2021-06-14,3,OPP46168,QST00185
QUO71718,Na,5,28751,2020-05-02,3,OPP59073,QST00186
QUO81028,Na,21,226910,2022-08-26,1,OPP17424,QST00187
QUO10409,2022-08-29,2,169608,2022-07-29,2,OPP03731,QST00188
QUO59093,2021-05-07,1,138755,2021-04-07,1,OPP70562,QST00189
QUO45523,2021-09-29,18,293342,2021-08-29,1,OPP09515,QST00190
QUO39274,2020-11-27,14,153629,2020-10-27,3,OPP41229,QST00191
QUO15541,2020-04-18,2,241032,2020-03-18,1,OPP73977,QST00192
QUO16423,Na,6,193820,2022-09-09,1,OPP07966,QST00193
QUO56857,Na,24,200464,2023-01-16,2,OPP51805,QST00194
QUO04445,Na,17,200288,2020-03-22,2,OPP40432,QST00195
QUO87029,Na,1,84434,2021-08-27,3,OPP36247,QST00196
QUO35442,2022-12-06,19,225361,2022-11-06,3,OPP74326,QST00197
QUO61021,2020-11-29,3,143821,2020-10-29,1,OPP95121,QST00198
QUO10222,2020-03-02,19,100416,2020-02-02,1,OPP37355,QST00199
QUO97966,Na,21,76038,2022-09-08,3,OPP05425,QST00200
QUO89841,2022-04-08,5,61544,2022-03-08,2,OPP88156,QST00201
QUO49628,Na,25,115356,2022-02-15,1,OPP17166,QST00202
QUO38706,2021-12-03,20,87335,2021-11-03,1,OPP71052,QST00203
QUO72818,2022-01-04,22,109920,2021-12-04,3,OPP22631,QST00204
QUO14671,2020-04-09,2,200620,2020-03-09,2,OPP58736,QST00205
QUO89487,Na,5,178960,2021-05-18,2,OPP27480,QST00206
QUO49134,Na,7,100700,2021-12-08,1,OPP73997,QST00207
QUO63931,Na,14,182763,2022-03-19,1,OPP84897,QST00208
QUO66570,2021-06-12,1,182077,2021-05-12,3,OPP18318,QST00209
QUO30380,Na,15,97703,2021-06-14,2,OPP58724,QST00210
QUO19273,Na,13,220681,2020-08-23,2,OPP73239,QST00211
QUO22836,2021-08-19,4,174165,2021-07-19,2,OPP76123,QST00212
QUO53813,Na,14,221672,2020-06-24,1,OPP94076,QST00213
QUO45901,Na,12,185487,2022-04-05,1,OPP14653,QST00214
QUO85886,2021-12-15,13,116463,2021-11-15,2,OPP84923,QST00215
QUO35175,2023-01-12,11,120438,2022-12-12,1,OPP50526,QST00216
QUO53455,Na,12,80862,2022-03-14,2,OPP52270,QST00217
QUO95643,Na,24,135822,2022-02-10,1,OPP26371,QST00218
QUO99579,Na,4,78626,2020-12-25,3,OPP45679,QST00219
QUO85097,2022-01-04,20,55060,2021-12-04,1,OPP22631,QST00220
QUO57073,Na,17,53962,2020-09-28,2,OPP13324,QST00221
QUO99558,Na,12,44186,2020-12-23,1,OPP12919,QST00222
QUO89211,2020-04-08,7,96610,2020-03-08,2,OPP67300,QST00223
QUO50712,Na,19,92393,2022-01-09,3,OPP63877,QST00224
QUO24453,Na,6,106354,2022-08-02,1,OPP03839,QST00225
QUO86512,Na,20,212034,2021-02-09,2,OPP65855,QST00226
QUO42988,Na,18,239565,2022-10-14,2,OPP90298,QST00227
QUO28250,Na,7,105452,2021-05-30,1,OPP35506,QST00228
QUO23173,2021-09-29,5,157100,2021-08-29,3,OPP09515,QST00229
QUO83059,2021-09-26,23,25788,2021-08-26,3,OPP90628,QST00230
QUO32629,Na,13,191888,2022-12-20,1,OPP71452,QST00231
QUO31670,Na,4,170192,2022-06-15,3,OPP86999,QST00232
QUO52042,2021-10-26,15,118163,2021-09-26,2,OPP18486,QST00233
QUO54917,Na,24,176074,2022-01-10,2,OPP33331,QST00234
QUO98331,Na,12,300124,2020-12-23,3,OPP12919,QST00235
QUO09568,2023-02-05,17,57771,2023-01-05,2,OPP34757,QST00236
QUO75939,2022-05-19,9,98478,2022-04-19,3,OPP70987,QST00237
QUO60036,Na,4,154354,2020-05-02,2,OPP59073,QST00238
QUO44189,2022-04-19,21,142050,2022-03-19,2,OPP74333,QST00239
QUO98799,2021-11-29,25,163061,2021-10-29,3,OPP08683,QST00240
QUO38196,Na,20,187667,2022-02-18,1,OPP65696,QST00241
QUO24552,Na,6,178536,2022-09-23,1,OPP90386,QST00242
QUO54059,2022-08-29,12,214196,2022-07-29,3,OPP03731,QST00243
QUO89419,2021-12-06,6,116940,2021-11-06,1,OPP79299,QST00244
QUO57315,2020-10-08,16,143660,2020-09-08,1,OPP22840,QST00245
QUO76762,2021-06-12,1,233303,2021-05-12,2,OPP18318,QST00246
QUO78625,2023-02-11,7,134337,2023-01-11,3,OPP08443,QST00247
QUO26225,2022-05-30,9,44612,2022-04-30,3,OPP85760,QST00248
QUO19951,Na,19,107291,2022-08-02,2,OPP03839,QST00249
QUO05552,Na,25,259980,2020-08-03,2,OPP95445,QST00250
QUO93462,Na,17,115686,2020-08-23,2,OPP73239,QST00251
QUO66124,Na,3,129837,2022-10-11,3,OPP20306,QST00252
QUO43947,2021-07-04,23,134025,2021-06-04,2,OPP32854,QST00253
QUO72540,Na,18,126945,2021-02-14,1,OPP20215,QST00254
QUO78432,2020-05-14,18,218914,2020-04-14,3,OPP70594,QST00255
QUO50606,Na,17,242286,2021-08-12,1,OPP93473,QST00256
QUO61683,2022-04-25,5,103832,2022-03-25,2,OPP59927,QST00257
QUO65049,2021-12-15,8,191433,2021-11-15,1,OPP65180,QST00258
QUO70337,Na,17,130194,2022-06-17,1,OPP98191,QST00259
QUO05175,2022-04-14,10,157402,2022-03-14,1,OPP23767,QST00260
QUO12473,Na,3,67414,2022-02-11,2,OPP66479,QST00261
QUO72035,2020-07-11,21,232116,2020-06-11,2,OPP74845,QST00262
QUO52246,2023-02-28,13,142908,2023-01-29,2,OPP75648,QST00263
QUO31877,Na,15,181008,2020-07-16,2,OPP71687,QST00264
QUO93697,2021-05-14,4,33711,2021-04-14,2,OPP52923,QST00265
QUO03673,2021-11-01,4,226035,2021-10-01,3,OPP25013,QST00266
QUO42930,Na,24,158926,2022-12-20,3,OPP54142,QST00267
QUO86984,Na,24,154703,2022-10-09,3,OPP09237,QST00268
QUO88817,2020-06-23,19,203723,2020-05-23,3,OPP65013,QST00269
QUO99283,Na,23,219598,2022-02-13,1,OPP24391,QST00270
QUO70709,Na,12,164931,2021-08-16,1,OPP89363,QST00271
QUO18957,2022-07-05,25,78504,2022-06-05,1,OPP46038,QST00272
QUO66293,Na,8,67161,2021-12-20,1,OPP42663,QST00273
QUO49408,2021-09-29,7,55584,2021-08-29,1,OPP09515,QST00274
QUO77792,2022-05-10,24,165734,2022-04-10,3,OPP47900,QST00275
QUO05719,Na,18,282780,2022-02-11,2,OPP66479,QST00276
QUO09770,2022-08-13,19,242352,2022-07-13,2,OPP78599,QST00277
QUO10430,Na,5,218250,2021-02-05,2,OPP12619,QST00278
QUO74101,2021-12-02,15,25460,2021-11-02,3,OPP54972,QST00279
QUO56208,Na,8,153322,2020-03-13,3,OPP28835,QST00280
QUO15384,2020-03-01,19,171273,2020-02-01,1,OPP85528,QST00281
QUO83643,Na,25,310576,2021-11-05,1,OPP47078,QST00282
QUO34524,2022-03-10,15,152724,2022-02-10,3,OPP29773,QST00283
QUO16533,2020-08-07,22,59262,2020-07-07,2,OPP67601,QST00284
QUO86269,Na,13,183010,2021-02-11,2,OPP83188,QST00285
QUO03494,Na,24,194636,2021-12-20,3,OPP93303,QST00286
QUO00709,2020-12-26,23,117588,2020-11-26,3,OPP67171,QST00287
QUO85109,Na,21,110484,2022-06-14,3,OPP95171,QST00288
QUO59308,Na,18,195800,2021-10-29,3,OPP73531,QST00289
QUO37196,2020-12-17,12,121935,2020-11-17,3,OPP23482,QST00290
QUO65068,2021-03-06,22,178439,2021-02-06,2,OPP06811,QST00291
QUO56909,Na,22,77028,2022-07-15,1,OPP44347,QST00292
QUO84026,2020-03-19,10,151018,2020-02-19,2,OPP85080,QST00293
QUO81817,Na,8,68127,2020-02-04,3,OPP94065,QST00294
QUO29021,2020-12-15,4,135888,2020-11-15,1,OPP62484,QST00295
QUO39331,2023-02-12,8,101244,2023-01-12,3,OPP78604,QST00296
QUO73967,Na,13,37037,2020-06-24,1,OPP90165,QST00297
QUO38649,Na,13,88677,2020-02-16,3,OPP28134,QST00298
QUO93994,2021-01-23,5,113894,2020-12-23,3,OPP28164,QST00299
QUO36922,2022-01-03,22,59806,2021-12-03,3,OPP41818,QST00300
QUO93475,Na,16,180842,2020-08-06,2,OPP53050,QST00301
QUO59350,Na,1,74520,2021-12-19,2,OPP68476,QST00302
QUO43752,Na,8,41993,2022-02-28,3,OPP00202,QST00303
QUO36727,2022-08-09,12,29280,2022-07-09,2,OPP55934,QST00304
QUO12708,Na,14,91110,2021-11-30,3,OPP29414,QST00305
QUO92263,2020-10-30,7,69300,2020-09-30,2,OPP07407,QST00306
QUO00756,Na,20,45456,2021-12-20,3,OPP93303,QST00307
QUO08346,2020-08-07,14,138624,2020-07-07,1,OPP67601,QST00308
QUO68974,Na,7,52703,2021-03-27,2,OPP39591,QST00309
QUO89997,Na,1,58896,2020-07-11,2,OPP18139,QST00310
QUO45341,Na,16,175028,2020-02-25,1,OPP18099,QST00311
QUO83446,2021-09-01,16,153612,2021-08-01,2,OPP39727,QST00312
QUO29165,2023-01-23,3,69312,2022-12-23,1,OPP23039,QST00313
QUO80940,2022-05-01,12,35658,2022-04-01,2,OPP37964,QST00314
QUO25986,Na,23,115356,2022-02-12,3,OPP61982,QST00315
QUO37222,Na,15,184620,2021-11-12,1,OPP94608,QST00316
QUO72361,2023-02-05,22,36400,2023-01-05,1,OPP34757,QST00317
QUO76096,2020-06-16,24,186540,2020-05-16,2,OPP11804,QST00318
QUO39612,2021-03-06,3,192260,2021-02-06,1,OPP06811,QST00319
QUO54708,2020-04-15,12,120000,2020-03-15,2,OPP78882,QST00320
QUO82550,Na,2,65620,2021-07-12,2,OPP35409,QST00321
QUO44785,Na,21,99541,2020-02-04,1,OPP87995,QST00322
QUO12990,2022-04-24,1,104698,2022-03-24,1,OPP53324,QST00323
QUO48645,2022-02-28,11,71420,2022-01-31,3,OPP52925,QST00324
QUO17056,2021-07-29,21,90450,2021-06-29,1,OPP13035,QST00325
QUO85841,2020-11-27,20,63440,2020-10-27,3,OPP41229,QST00326
QUO75562,Na,8,124969,2022-09-25,2,OPP95810,QST00327
QUO37429,Na,16,72800,2020-12-25,3,OPP45679,QST00328
QUO09784,2022-03-28,17,118212,2022-02-28,3,OPP68194,QST00329
QUO32831,Na,21,35391,2021-06-30,1,OPP95795,QST00330
QUO46896,2022-11-13,12,8917,2022-10-13,3,OPP10274,QST00331
QUO32642,Na,12,38350,2021-08-14,2,OPP88464,QST00332
QUO78617,2021-12-07,16,17325,2021-11-07,2,OPP70181,QST00333
QUO84045,Na,5,82308,2020-04-09,3,OPP93457,QST00334
QUO01736,Na,10,163047,2020-02-03,1,OPP46060,QST00335
QUO30451,2023-01-05,3,27945,2022-12-05,2,OPP08770,QST00336
QUO35957,2022-05-01,25,41993,2022-04-01,1,OPP37964,QST00337
QUO79581,2022-09-20,21,104346,2022-08-20,1,OPP41241,QST00338
QUO72050,2020-11-27,3,9851,2020-10-27,2,OPP41229,QST00339
QUO06380,Na,21,166158,2021-09-28,1,OPP37948,QST00340
QUO15096,2020-04-08,22,55746,2020-03-08,1,OPP67300,QST00341
QUO14116,2021-11-19,20,97368,2021-10-19,2,OPP41151,QST00342
QUO46213,2022-07-02,9,31662,2022-06-02,3,OPP19669,QST00343
QUO00115,Na,3,171324,2021-11-12,1,OPP94608,QST00344
QUO99724,Na,3,60788,2022-02-13,1,OPP24391,QST00345
QUO98697,Na,21,39384,2022-09-04,2,OPP23268,QST00346
QUO09960,2020-07-22,19,49080,2020-06-22,1,OPP00162,QST00347
QUO62586,Na,10,28568,2022-12-05,1,OPP40182,QST00348
QUO54112,Na,10,167886,2020-04-30,3,OPP36674,QST00349
QUO46554,2022-04-14,9,47955,2022-03-14,1,OPP23767,QST00350
QUO79261,2020-08-07,15,133331,2020-07-07,3,OPP67601,QST00351
QUO53302,2021-12-24,1,55272,2021-11-24,1,OPP35239,QST00352
QUO94986,Na,23,54600,2020-08-09,1,OPP23451,QST00353
QUO51868,Na,6,39264,2020-08-06,3,OPP53050,QST00354
QUO68303,2023-02-02,25,118116,2023-01-02,3,OPP04864,QST00355
QUO03075,2021-10-17,10,55170,2021-09-17,1,OPP41267,QST00356
QUO18511,Na,25,8664,2022-05-09,3,OPP39653,QST00357
QUO98567,2020-10-30,19,53502,2020-09-30,2,OPP07407,QST00358
QUO37208,Na,21,105184,2021-02-11,2,OPP83188,QST00359
QUO05309,Na,22,46060,2021-12-02,3,OPP35595,QST00360
QUO36557,Na,7,113976,2022-09-23,3,OPP57711,QST00361
QUO85264,2023-02-10,20,41912,2023-01-10,2,OPP17799,QST00362
QUO23943,2022-12-06,12,115500,2022-11-06,1,OPP74326,QST00363
QUO83068,2023-01-05,25,23553,2022-12-05,2,OPP08770,QST00364
QUO87914,2020-05-09,10,66842,2020-04-09,2,OPP82556,QST00365
QUO09090,Na,6,97108,2021-10-29,1,OPP73531,QST00366
QUO85440,Na,6,4923,2022-06-15,1,OPP65722,QST00367
QUO44246,2022-09-22,14,31416,2022-08-22,2,OPP72183,QST00368
QUO67060,Na,9,53565,2022-11-22,3,OPP48707,QST00369
QUO27858,Na,5,39215,2022-07-01,1,OPP85979,QST00370
QUO52103,Na,20,42670,2022-01-14,2,OPP44215,QST00371
QUO23108,2021-05-12,18,120000,2021-04-12,2,OPP43492,QST00372
QUO05641,2021-11-29,9,19692,2021-10-29,3,OPP08683,QST00373
QUO74577,2020-10-08,11,23562,2020-09-08,2,OPP22840,QST00374
QUO96250,Na,25,7851,2020-11-05,3,OPP36689,QST00375
QUO40501,Na,3,37608,2020-03-22,3,OPP40432,QST00376
QUO63986,Na,14,84420,2020-04-19,1,OPP00817,QST00377
QUO87690,2020-05-30,4,106539,2020-04-30,2,OPP56332,QST00378
QUO46832,Na,23,12060,2022-03-19,2,OPP84897,QST00379
QUO54466,Na,3,88659,2022-12-24,3,OPP97109,QST00380
QUO48745,Na,15,36673,2020-04-28,3,OPP41043,QST00381
QUO07894,2021-02-11,2,42910,2021-01-11,1,OPP15110,QST00382
QUO95015,2020-08-07,12,86640,2020-07-07,2,OPP67601,QST00383
QUO07044,2021-05-12,11,18424,2021-04-12,3,OPP43492,QST00384
QUO80387,Na,13,75075,2020-02-03,2,OPP22489,QST00385
QUO51426,2022-04-19,22,19692,2022-03-19,3,OPP74333,QST00386
QUO51787,Na,1,24997,2020-08-23,1,OPP73239,QST00387
QUO54851,Na,11,58526,2022-01-09,3,OPP63877,QST00388
QUO76741,Na,8,176560,2022-10-09,1,OPP09237,QST00389
QUO96712,2020-10-07,12,147696,2020-09-07,3,OPP72985,QST00390
QUO51257,Na,17,17997,2020-02-22,1,OPP21761,QST00391
QUO33987,Na,15,6562,2020-07-12,3,OPP54263,QST00392
QUO35519,2022-03-08,5,128968,2022-02-08,2,OPP04200,QST00393
QUO64020,2020-10-08,10,147696,2020-09-08,2,OPP22840,QST00394
QUO95319,2021-08-16,22,121576,2021-07-16,3,OPP42715,QST00395
QUO67899,2022-10-21,24,44324,2022-09-21,1,OPP26923,QST00396
QUO83725,2022-09-20,2,36673,2022-08-20,2,OPP41241,QST00397
QUO15515,2022-07-02,9,147288,2022-06-02,2,OPP19669,QST00398
QUO23630,2021-12-24,3,36780,2021-11-24,3,OPP35239,QST00399
QUO25158,Na,12,86319,2021-06-01,1,OPP23240,QST00400
QUO06797,2021-02-07,10,49552,2021-01-07,2,OPP77519,QST00401
QUO87854,2020-06-27,18,62832,2020-05-27,1,OPP61308,QST00402
QUO70207,2020-04-29,11,84420,2020-03-29,2,OPP47281,QST00403
QUO35638,Na,19,9846,2021-05-24,1,OPP41971,QST00404
QUO49625,2022-03-08,24,42966,2022-02-08,2,OPP04200,QST00405
QUO03388,Na,8,129824,2021-06-14,2,OPP46168,QST00406
QUO18071,2021-04-27,10,24975,2021-03-27,3,OPP71731,QST00407
QUO51979,2021-09-29,19,85932,2021-08-29,1,OPP09515,QST00408
QUO95967,2022-07-29,13,49552,2022-06-29,2,OPP06278,QST00409
QUO04190,2020-04-03,23,139905,2020-03-03,1,OPP53095,QST00410
QUO32252,2020-04-15,12,48065,2020-03-15,2,OPP78882,QST00411
QUO89253,2023-02-28,7,98208,2023-01-28,1,OPP62694,QST00412
QUO11683,Na,11,67761,2022-07-01,2,OPP85979,QST00413
QUO99425,2021-10-26,17,5239,2021-09-26,2,OPP18486,QST00414
QUO53345,Na,25,35994,2020-04-12,1,OPP68472,QST00415
QUO15957,Na,14,55386,2022-06-15,3,OPP86999,QST00416
QUO50252,2021-11-24,19,31335,2021-10-24,2,OPP51977,QST00417
QUO30764,Na,20,94302,2022-05-09,3,OPP39653,QST00418
QUO03688,Na,11,157080,2020-09-23,3,OPP44319,QST00419
QUO78880,2021-11-22,16,21660,2021-10-22,3,OPP72017,QST00420
QUO97016,Na,24,58560,2022-09-04,3,OPP23268,QST00421
QUO26525,2021-10-30,15,147765,2021-09-30,3,OPP36255,QST00422
QUO22121,Na,16,281646,2020-08-03,2,OPP95445,QST00423
QUO64324,Na,24,124838,2022-01-05,3,OPP14227,QST00424
QUO32988,2021-08-09,7,28839,2021-07-09,1,OPP48354,QST00425
QUO38883,2022-12-28,21,64484,2022-11-28,3,OPP54747,QST00426
QUO05570,2022-09-20,3,117792,2022-08-20,2,OPP41241,QST00427
QUO06185,Na,3,79794,2020-06-24,2,OPP94076,QST00428
QUO45325,Na,14,141174,2021-06-01,2,OPP23240,QST00429
QUO57854,Na,10,145730,2022-08-19,2,OPP16560,QST00430
QUO69634,Na,14,13650,2021-11-11,2,OPP93630,QST00431
QUO83271,2020-06-15,13,60300,2020-05-15,2,OPP44899,QST00432
QUO68357,2020-04-11,9,34992,2020-03-11,1,OPP16223,QST00433
QUO60848,Na,11,99104,2022-12-23,1,OPP68888,QST00434
QUO71238,Na,13,36400,2023-01-13,3,OPP02031,QST00435
QUO33629,Na,21,98208,2023-01-15,1,OPP38638,QST00436
QUO52635,Na,24,116376,2022-02-10,2,OPP26371,QST00437
QUO08614,Na,23,91868,2021-06-26,1,OPP05944,QST00438
QUO04756,2022-06-22,10,72800,2022-05-22,3,OPP03376,QST00439
QUO00127,2022-12-06,22,48065,2022-11-06,3,OPP74326,QST00440
QUO03992,Na,20,56403,2022-07-25,3,OPP26779,QST00441
QUO50843,2020-09-30,11,24975,2020-08-30,1,OPP39850,QST00442
QUO24623,2023-02-02,1,85462,2023-01-02,1,OPP65870,QST00443
QUO86686,2022-07-05,5,139905,2022-06-05,1,OPP46038,QST00444
QUO14179,Na,20,73644,2022-08-02,1,OPP03839,QST00445
QUO10099,2022-02-28,7,39255,2022-01-29,1,OPP93060,QST00446
QUO77113,Na,17,19440,2020-12-24,3,OPP92414,QST00447
QUO81826,2021-09-04,15,125616,2021-08-04,2,OPP45855,QST00448
QUO79000,Na,10,73026,2022-04-05,2,OPP14653,QST00449
QUO28869,2022-11-19,20,100272,2022-10-19,2,OPP84758,QST00450
QUO84339,2022-10-21,9,20956,2022-09-21,2,OPP26923,QST00451
QUO68774,Na,1,89520,2022-06-17,3,OPP98191,QST00452
QUO01194,2022-05-30,8,24120,2022-04-30,3,OPP85760,QST00453
QUO99295,Na,9,63136,2022-02-11,1,OPP66479,QST00454
QUO71470,2020-03-02,16,35994,2020-02-02,2,OPP37355,QST00455
QUO08006,2022-11-28,13,25752,2022-10-28,1,OPP88826,QST00456
QUO14520,2022-05-17,24,18200,2022-04-17,2,OPP44638,QST00457
QUO73800,Na,10,138180,2022-02-11,3,OPP66479,QST00458
QUO83306,Na,7,42518,2021-12-05,3,OPP39375,QST00459
QUO76145,Na,5,143232,2022-09-04,2,OPP23268,QST00460
QUO38208,Na,22,53565,2022-05-09,1,OPP39653,QST00461
QUO03379,Na,17,18360,2020-08-03,2,OPP95445,QST00462
QUO09406,Na,12,150076,2022-06-14,3,OPP50808,QST00463
QUO59845,Na,11,24975,2021-10-14,2,OPP32455,QST00464
QUO54002,Na,9,37602,2021-02-05,1,OPP12619,QST00465
QUO57036,2021-05-14,24,18360,2021-04-14,3,OPP52923,QST00466
QUO82310,Na,17,132420,2022-09-01,1,OPP16752,QST00467
QUO70961,Na,17,141248,2020-02-04,3,OPP87995,QST00468
QUO68742,2021-01-22,19,78540,2020-12-22,3,OPP79411,QST00469
QUO63794,2020-06-27,10,62670,2020-05-27,1,OPP85762,QST00470
QUO76904,2021-11-22,23,163096,2021-10-22,2,OPP72017,QST00471
QUO36736,2021-12-07,16,85230,2021-11-07,2,OPP70181,QST00472
QUO28004,2021-08-16,1,111554,2021-07-16,1,OPP42715,QST00473
QUO32677,2021-12-24,23,53712,2021-11-24,3,OPP35239,QST00474
QUO11080,Na,16,95984,2021-12-26,1,OPP92980,QST00475
QUO22121,Na,5,281646,2020-04-19,1,OPP00817,QST00476
QUO84200,Na,5,59990,2021-01-01,2,OPP70968,QST00477
QUO75722,Na,24,124906,2022-12-05,1,OPP40182,QST00478
QUO93282,2022-09-30,1,124969,2022-08-31,2,OPP42813,QST00479
QUO48225,2021-07-22,25,92040,2021-06-22,1,OPP13646,QST00480
QUO11471,2022-12-06,17,70587,2022-11-06,1,OPP74326,QST00481
QUO39296,Na,13,19722,2022-08-16,2,OPP61295,QST00482
QUO82987,2022-07-06,21,45000,2022-06-06,3,OPP26154,QST00483
QUO27544,Na,11,149232,2022-09-09,2,OPP07966,QST00484
QUO34975,2022-05-14,25,95304,2022-04-14,1,OPP08130,QST00485
QUO87202,Na,21,35668,2020-11-18,3,OPP71115,QST00486
QUO85102,Na,1,159834,2022-11-16,3,OPP91372,QST00487
QUO62656,2020-04-11,25,89985,2020-03-11,1,OPP16223,QST00488
QUO43654,Na,10,65373,2022-12-25,3,OPP89700,QST00489
QUO13479,Na,13,106539,2020-11-09,2,OPP05966,QST00490
QUO33404,Na,22,48592,2020-05-13,2,OPP25663,QST00491
QUO65518,2021-02-07,25,68957,2021-01-07,1,OPP77519,QST00492
QUO69378,2022-05-19,6,182647,2022-04-19,2,OPP70987,QST00493
QUO35061,2022-06-01,3,93537,2022-05-01,2,OPP76182,QST00494
QUO16126,2022-01-04,9,17904,2021-12-04,3,OPP22631,QST00495
QUO08080,Na,19,153456,2021-10-25,3,OPP97495,QST00496
QUO00120,2021-03-08,14,4550,2021-02-08,3,OPP57649,QST00497
QUO95951,Na,4,121296,2021-09-28,2,OPP37948,QST00498
QUO75812,Na,13,111492,2022-01-02,3,OPP25069,QST00499
QUO95981,Na,21,39215,2022-09-25,2,OPP95810,QST00500
QUO90957,Na,1,9327,2021-10-14,2,OPP32455,QST00501
QUO16430,Na,17,47590,2021-08-16,1,OPP89363,QST00502
QUO73532,2020-09-19,16,138944,2020-08-19,1,OPP73406,QST00503
QUO97142,Na,1,56820,2021-01-01,2,OPP70968,QST00504
QUO47133,Na,3,52703,2022-09-04,1,OPP11374,QST00505
QUO23376,Na,3,69472,2020-06-21,3,OPP04972,QST00506
QUO17529,Na,9,112632,2022-03-19,3,OPP84897,QST00507
QUO28746,Na,8,27216,2022-03-14,2,OPP52270,QST00508
QUO80080,2020-03-20,6,17829,2020-02-20,2,OPP77034,QST00509
QUO44481,2021-03-09,24,91868,2021-02-09,3,OPP07379,QST00510
QUO01008,Na,11,163421,2021-02-04,1,OPP52055,QST00511
QUO51429,2021-10-01,1,97877,2021-09-01,1,OPP21443,QST00512
QUO14515,2021-08-29,25,26856,2021-07-29,3,OPP87267,QST00513
QUO95097,2021-10-07,6,34736,2021-09-07,3,OPP07225,QST00514
QUO48287,Na,14,164616,2021-10-29,1,OPP15956,QST00515
QUO02963,2022-06-13,2,85306,2022-05-13,2,OPP44074,QST00516
QUO54558,2020-05-20,19,8114,2020-04-20,3,OPP01433,QST00517
QUO27313,2020-06-16,3,38880,2020-05-16,2,OPP99253,QST00518
QUO84868,Na,7,74925,2020-10-18,2,OPP49380,QST00519
QUO66721,Na,13,157840,2021-02-28,3,OPP34379,QST00520
QUO43483,Na,10,42768,2022-10-11,2,OPP46777,QST00521
QUO31418,Na,19,120000,2020-10-19,1,OPP72164,QST00522
QUO52515,Na,4,42840,2022-06-15,3,OPP86999,QST00523
QUO32564,Na,5,31514,2020-02-16,3,OPP28134,QST00524
QUO89163,Na,1,3518,2022-05-21,2,OPP73069,QST00525
QUO16129,2020-04-10,9,150000,2020-03-10,3,OPP67772,QST00526
QUO00191,Na,15,163047,2021-11-05,1,OPP47078,QST00527
QUO44450,2023-01-23,5,30150,2022-12-23,3,OPP23039,QST00528
QUO87822,2023-02-28,12,4502,2023-01-29,1,OPP75648,QST00529
QUO69062,Na,12,3571,2022-03-07,2,OPP34242,QST00530
QUO45507,Na,5,176560,2021-02-11,3,OPP83188,QST00531
QUO80103,Na,11,126640,2020-03-22,3,OPP40432,QST00532
QUO01991,Na,13,59076,2022-02-10,3,OPP26371,QST00533
QUO68736,2021-01-22,19,29553,2020-12-22,1,OPP79411,QST00534
QUO17368,2023-01-03,10,74616,2022-12-03,3,OPP09602,QST00535
QUO03265,2021-03-28,14,115921,2021-02-28,1,OPP97368,QST00536
QUO55044,2020-08-30,17,25068,2020-07-30,1,OPP66699,QST00537
QUO18242,2020-05-01,4,94980,2020-04-01,3,OPP51736,QST00538
QUO04588,2020-09-09,13,111758,2020-08-09,2,OPP54557,QST00539
QUO09553,2022-12-30,7,85820,2022-11-30,3,OPP61530,QST00540
QUO61481,Na,25,97877,2020-04-26,2,OPP98687,QST00541
QUO39891,2021-11-20,3,24615,2021-10-20,2,OPP88382,QST00542
QUO95515,2021-03-10,19,128063,2021-02-10,2,OPP83158,QST00543
QUO03320,Na,6,54901,2020-04-20,2,OPP09076,QST00544
QUO18709,Na,19,39404,2021-08-05,1,OPP37447,QST00545
QUO32831,Na,1,35391,2022-02-11,3,OPP66479,QST00546
QUO31929,2020-12-01,5,67530,2020-11-01,2,OPP43555,QST00547
QUO36774,2022-02-28,16,37645,2022-01-29,2,OPP16297,QST00548
QUO46768,Na,8,37164,2022-03-19,3,OPP70846,QST00549
QUO27122,2020-07-22,1,71028,2020-06-22,2,OPP00162,QST00550
QUO34500,Na,18,73656,2022-03-26,3,OPP96736,QST00551
QUO97123,2020-06-16,3,133518,2020-05-16,2,OPP11804,QST00552
QUO70515,Na,11,78510,2022-04-13,1,OPP12434,QST00553
QUO13468,2022-04-14,25,102510,2022-03-14,1,OPP49061,QST00554
QUO25684,2021-03-28,13,158355,2021-02-28,2,OPP29842,QST00555
QUO86495,Na,15,18996,2020-11-09,2,OPP05966,QST00556
QUO61310,Na,6,42216,2022-02-11,3,OPP66479,QST00557
QUO80641,Na,2,107976,2022-09-23,2,OPP90386,QST00558
QUO28076,Na,25,10713,2020-09-28,1,OPP13324,QST00559
QUO47777,2022-04-14,9,4550,2022-03-14,1,OPP49061,QST00560
QUO14641,Na,9,134582,2021-10-14,1,OPP32455,QST00561
QUO67862,Na,5,184240,2020-06-24,3,OPP94076,QST00562
QUO71918,2022-02-20,1,43320,2022-01-20,2,OPP64745,QST00563
QUO86340,Na,21,103968,2022-01-03,1,OPP50696,QST00564
QUO23089,2022-04-25,12,4550,2022-03-25,3,OPP86247,QST00565
QUO92339,Na,9,30150,2021-05-08,2,OPP70665,QST00566
QUO48301,Na,13,66626,2022-02-28,2,OPP00202,QST00567
QUO90323,2021-08-03,8,48065,2021-07-03,2,OPP51515,QST00568
QUO30654,2022-03-10,23,30650,2022-02-10,1,OPP29773,QST00569
QUO49472,2021-09-08,11,31404,2021-08-08,2,OPP88612,QST00570
QUO15898,Na,12,47106,2021-06-21,1,OPP97589,QST00571
QUO40783,2022-04-08,15,177213,2022-03-08,2,OPP88156,QST00572
QUO99177,Na,6,16650,2021-02-19,1,OPP80739,QST00573
QUO29772,2021-11-01,4,7500,2021-10-01,3,OPP25013,QST00574
QUO33270,Na,3,77350,2021-10-29,2,OPP15956,QST00575
QUO09085,Na,5,79452,2021-03-05,3,OPP77115,QST00576
QUO73808,2022-07-02,13,28206,2022-06-02,1,OPP19669,QST00577
QUO05590,2021-07-04,2,52500,2021-06-04,3,OPP32854,QST00578
QUO71967,Na,15,38880,2021-06-14,1,OPP46168,QST00579
QUO93037,Na,8,18462,2021-05-24,2,OPP41971,QST00580
QUO99672,2023-02-11,9,60648,2023-01-11,2,OPP08443,QST00581
QUO51558,2022-11-13,21,73200,2022-10-13,2,OPP10274,QST00582
QUO79896,2022-01-03,3,7670,2021-12-03,3,OPP11028,QST00583
QUO68338,Na,13,48684,2021-10-04,3,OPP87909,QST00584
QUO27636,Na,20,19440,2022-11-06,3,OPP46727,QST00585
QUO60233,2021-05-12,1,102408,2021-04-12,1,OPP43492,QST00586
QUO58632,Na,22,28144,2021-02-05,1,OPP12619,QST00587
QUO20360,Na,18,47106,2021-07-12,3,OPP35409,QST00588
QUO97889,Na,4,121710,2021-08-28,3,OPP07274,QST00589
QUO51100,Na,3,160506,2022-08-26,1,OPP17424,QST00590
QUO63498,Na,20,120464,2021-02-09,2,OPP65855,QST00591
QUO92490,2020-10-07,23,39460,2020-09-07,3,OPP72985,QST00592
QUO42064,2020-12-25,1,196320,2020-11-25,2,OPP89784,QST00593
QUO05707,Na,23,154166,2022-08-27,1,OPP07258,QST00594
QUO52192,2020-12-17,21,7670,2020-11-17,3,OPP23482,QST00595
QUO35475,2021-09-24,8,66330,2021-08-24,1,OPP84587,QST00596
QUO35708,2021-02-22,16,73872,2021-01-22,3,OPP50532,QST00597
QUO23519,Na,9,42840,2020-09-28,3,OPP13324,QST00598
QUO44006,Na,6,8917,2020-08-03,2,OPP95445,QST00599
QUO65228,2022-06-25,1,53502,2022-05-25,1,OPP68328,QST00600
QUO22321,2022-06-13,9,36400,2022-05-13,1,OPP44074,QST00601
QUO70176,Na,10,48065,2022-03-07,2,OPP34242,QST00602
QUO34433,Na,18,9231,2021-12-08,1,OPP73997,QST00603
QUO81687,Na,13,48065,2020-09-29,3,OPP40010,QST00604
QUO18786,2021-11-20,22,55242,2021-10-20,2,OPP88382,QST00605
QUO07040,2021-03-05,16,61796,2021-02-05,2,OPP98231,QST00606
QUO81925,2020-11-21,10,61300,2020-10-21,1,OPP92580,QST00607
QUO03498,Na,6,133467,2021-10-04,1,OPP87909,QST00608
QUO02974,Na,17,58275,2022-02-15,3,OPP17166,QST00609
QUO07773,2021-10-01,19,18360,2021-09-01,2,OPP21443,QST00610
QUO97088,Na,7,19182,2021-12-26,1,OPP92980,QST00611
QUO36479,Na,5,55272,2021-07-12,2,OPP35409,QST00612
QUO42922,Na,3,81900,2020-07-11,2,OPP18139,QST00613
QUO72270,Na,7,28144,2022-12-26,3,OPP72405,QST00614
QUO47793,Na,17,48684,2022-12-05,3,OPP40182,QST00615
QUO78592,Na,3,133467,2022-11-16,3,OPP91372,QST00616
QUO27216,Na,4,86361,2020-02-22,2,OPP21761,QST00617
QUO90068,Na,11,27981,2022-12-28,1,OPP89855,QST00618
QUO61483,2021-10-07,19,57629,2021-09-07,1,OPP65071,QST00619
QUO44418,Na,10,25068,2022-06-17,2,OPP98191,QST00620
QUO46324,2022-05-21,4,157080,2022-04-21,1,OPP85126,QST00621
QUO56161,Na,19,5943,2021-06-22,2,OPP51386,QST00622
QUO77733,Na,12,130578,2022-12-09,2,OPP41973,QST00623
QUO89948,2020-05-03,25,18222,2020-04-03,2,OPP91952,QST00624
QUO02069,Na,24,98080,2022-01-23,1,OPP31601,QST00625
QUO27674,Na,19,71616,2021-11-12,1,OPP29051,QST00626
QUO72417,2022-08-09,6,149850,2022-07-09,2,OPP54643,QST00627
QUO00488,2020-03-19,18,23100,2020-02-19,1,OPP85080,QST00628
QUO93521,2020-10-30,10,102596,2020-09-30,1,OPP07407,QST00629
QUO66063,2021-07-04,25,105406,2021-06-04,2,OPP32854,QST00630
QUO58006,Na,20,51975,2021-06-14,2,OPP46168,QST00631
QUO36015,2021-03-10,16,47124,2021-02-10,3,OPP83158,QST00632
QUO92563,Na,13,9004,2022-04-27,2,OPP01223,QST00633
QUO45271,Na,14,139905,2021-06-26,1,OPP62488,QST00634
QUO25659,2022-03-10,9,161136,2022-02-10,2,OPP29773,QST00635
QUO65140,Na,3,122760,2022-01-02,2,OPP25069,QST00636
QUO24634,Na,7,97600,2021-10-03,3,OPP66904,QST00637
QUO76161,Na,25,43869,2022-01-09,3,OPP63877,QST00638
QUO41761,Na,18,42840,2021-10-25,2,OPP27570,QST00639
QUO57699,Na,23,70360,2022-06-14,3,OPP95171,QST00640
QUO09986,Na,5,47590,2020-12-24,1,OPP92414,QST00641
QUO91709,Na,11,10554,2022-03-21,1,OPP94360,QST00642
QUO22078,2021-06-12,2,131240,2021-05-12,1,OPP18318,QST00643
QUO92844,Na,4,115406,2023-01-16,2,OPP51805,QST00644
QUO46631,Na,11,49552,2021-01-06,1,OPP69983,QST00645
QUO94459,2022-05-06,5,17325,2022-04-06,3,OPP25583,QST00646
QUO05864,Na,2,150000,2021-05-22,1,OPP98360,QST00647
QUO32851,Na,24,78768,2020-04-30,1,OPP36674,QST00648
QUO81079,Na,2,5943,2021-12-19,1,OPP68476,QST00649
QUO47579,Na,21,103968,2020-03-13,1,OPP28835,QST00650
QUO52767,2022-04-17,21,86517,2022-03-17,1,OPP88583,QST00651
QUO18489,Na,20,70686,2021-12-20,1,OPP42663,QST00652
QUO32049,Na,15,21426,2022-12-20,3,OPP71452,QST00653
QUO72887,Na,16,89254,2022-01-14,3,OPP44215,QST00654
QUO78639,2021-11-01,5,134582,2021-10-01,1,OPP25013,QST00655
QUO24685,2021-06-11,22,70686,2021-05-11,1,OPP19853,QST00656
QUO30718,Na,5,105743,2023-01-13,2,OPP02031,QST00657
QUO53479,Na,2,39215,2020-04-12,1,OPP68472,QST00658
QUO87051,Na,24,15000,2021-01-12,2,OPP11643,QST00659
QUO79197,2020-09-15,16,84618,2020-08-15,2,OPP98021,QST00660
QUO72462,Na,22,12664,2022-03-07,3,OPP34242,QST00661
QUO99405,Na,1,156860,2021-09-28,3,OPP37948,QST00662
QUO94419,2023-02-11,4,24342,2023-01-11,1,OPP08443,QST00663
QUO17468,2020-08-01,14,86273,2020-07-01,2,OPP12627,QST00664
QUO98450,Na,19,6332,2021-06-14,1,OPP46168,QST00665
QUO36810,Na,14,54978,2020-02-04,1,OPP94065,QST00666
QUO61709,Na,23,11664,2021-08-12,2,OPP22057,QST00667
QUO29706,Na,17,19632,2022-05-25,3,OPP98617,QST00668
QUO14968,Na,20,12060,2022-01-16,2,OPP58996,QST00669
QUO18218,Na,12,34656,2021-11-12,1,OPP29051,QST00670
QUO27566,Na,4,111554,2022-06-15,3,OPP70180,QST00671
QUO81042,2021-11-20,5,62670,2021-10-20,3,OPP88382,QST00672
QUO34680,2022-02-26,7,85230,2022-01-26,2,OPP06306,QST00673
QUO91183,2023-02-28,13,22510,2023-01-29,3,OPP75648,QST00674
QUO13374,2020-05-03,21,45734,2020-04-03,2,OPP91952,QST00675
QUO85448,Na,17,48684,2022-08-02,1,OPP03839,QST00676
QUO05858,2020-07-11,4,39460,2020-06-11,1,OPP74845,QST00677
QUO76315,Na,8,34992,2020-08-30,1,OPP20375,QST00678
QUO23993,Na,15,60232,2021-02-05,3,OPP12619,QST00679
QUO06323,Na,16,125328,2020-12-23,1,OPP97620,QST00680
QUO54947,2021-11-24,24,77976,2021-10-24,3,OPP15507,QST00681
QUO83431,2023-02-10,25,83943,2023-01-10,2,OPP17799,QST00682
QUO07245,Na,11,92040,2022-11-22,1,OPP48707,QST00683
QUO39880,Na,18,22750,2021-05-24,2,OPP41971,QST00684
QUO24986,2021-11-17,12,36780,2021-10-17,2,OPP24841,QST00685
QUO76579,Na,22,8114,2022-12-25,1,OPP89700,QST00686
QUO96004,2021-11-01,21,101983,2021-10-01,2,OPP25013,QST00687
QUO17366,2021-06-12,21,29448,2021-05-12,2,OPP18318,QST00688
QUO31495,2021-10-30,6,56988,2021-09-30,3,OPP36255,QST00689
QUO31327,2021-12-06,25,19722,2021-11-06,1,OPP79299,QST00690
QUO52330,Na,7,39460,2022-08-02,2,OPP03839,QST00691
QUO76283,Na,10,154512,2020-03-22,1,OPP40432,QST00692
QUO59733,Na,24,8114,2020-06-08,3,OPP28430,QST00693
QUO14637,Na,20,9004,2020-06-24,1,OPP94076,QST00694
QUO67266,Na,8,127608,2020-07-11,1,OPP18139,QST00695
QUO28231,Na,15,39780,2021-02-04,1,OPP52055,QST00696
QUO79212,Na,9,24520,2021-04-20,2,OPP02441,QST00697
QUO40766,2022-01-04,6,39774,2021-12-04,2,OPP22631,QST00698
QUO08515,Na,22,69300,2020-10-09,3,OPP70176,QST00699
QUO55679,2022-11-05,6,156927,2022-10-05,,OPP48166,QST00700
