opportunity_id,close_date ,expected_close_date,opportunity_amount,lost_reason_id,stage_id,product_id,user_id,lead_id,customer_id
OPP92580,Na,2020-12-21,80568,LOS00001,STA00001,PRO98085,USE70047,LEA65783,CUS35757
OPP80739,2021-05-19,2021-04-19,902235,LOS00002,STA00002,PRO19301,USE42561,LEA42062,CUS50908
OPP10274,Na,2022-12-13,410741,LOS00003,STA00003,PRO40808,USE01758,LEA78448,CUS19685
OPP85884,2022-02-26,2022-01-26,924785,LOS00004,STA00004,PRO95982,USE90173,LEA96201,CUS27996
OPP44215,2022-04-14,2022-03-14,935827,LOS00005,STA00005,PRO30045,USE40632,LEA01635,CUS17442
OPP70562,Na,2021-06-07,302256,LOS00006,STA00006,PRO01485,USE90173,LEA24802,CUS23589
OPP60735,2020-10-14,2020-09-14,186146,LOS00007,STA00007,PRO51725,USE17947,LEA69324,CUS33322
OPP23268,2022-12-04,2022-11-04,565209,LOS00008,STA00008,PRO46773,USE01758,LEA27258,CUS55465
OPP81404,2021-02-22,2021-01-22,527040,LOS00009,STA00009,PRO74373,USE16130,LEA78187,CUS00154
OPP38638,2023-04-15,2023-03-15,196892,LOS00010,STA00010,PRO86898,USE95961,LEA40819,CUS96768
OPP06306,Na,2022-03-26,683457,LOS00011,STA00011,PRO19301,USE08695,LEA59360,CUS23247
OPP66587,2022-12-26,2022-11-26,967948,LOS00012,STA00012,PRO04233,USE08695,LEA12713,CUS08763
OPP61295,2022-11-16,2022-10-16,893428,LOS00013,STA00013,PRO13996,USE97715,LEA50692,CUS15981
OPP55628,2022-11-16,2022-10-16,687683,LOS00014,STA00014,PRO56174,USE21141,LEA43998,CUS12672
OPP37355,Na,2020-04-02,452898,LOS00015,STA00015,PRO46773,USE24976,LEA59089,CUS15130
OPP65722,2022-09-15,2022-08-15,144355,LOS00016,STA00016,PRO04233,USE51109,LEA85790,CUS08840
OPP28164,Na,2021-02-23,664645,LOS00017,STA00017,PRO67890,USE02355,LEA32502,CUS26176
OPP65696,2022-05-18,2022-04-18,465818,LOS00018,STA00018,PRO67495,USE14736,LEA20471,CUS13357
OPP35506,2021-08-30,2021-07-30,568721,LOS00019,STA00019,PRO04233,USE51109,LEA37192,CUS26577
OPP56105,Na,2021-03-28,867152,LOS00020,STA00020,PRO77206,USE02355,LEA33652,CUS79008
OPP03839,2022-11-02,2022-10-02,409311,LOS00021,STA00021,PRO29563,USE21508,LEA19007,CUS33463
OPP71052,Na,2022-01-03,266079,LOS00022,STA00022,PRO75076,USE95961,LEA92671,CUS25316
OPP57711,2022-12-23,2022-11-23,914680,LOS00023,STA00023,PRO97881,USE02936,LEA91025,CUS90027
OPP93457,2020-07-09,2020-06-09,836805,LOS00024,STA00024,PRO09500,USE67246,LEA90732,CUS65285
OPP51736,Na,2020-06-01,668265,LOS00025,STA00025,PRO14701,USE21141,LEA83331,CUS87714
OPP93060,Na,2022-03-29,364784,LOS00026,STA00026,PRO13996,USE46703,LEA66986,CUS00516
OPP51859,2022-11-14,2022-10-14,703573,LOS00027,STA00027,PRO41240,USE97715,LEA56713,CUS67775
OPP39727,Na,2021-10-01,906332,LOS00028,STA00028,PRO57903,USE46703,LEA99771,CUS29918
OPP07966,2022-12-09,2022-11-09,288727,LOS00029,STA00029,PRO86898,USE02355,LEA25245,CUS63544
OPP07407,Na,2020-11-30,455907,LOS00030,STA00030,PRO04233,USE90173,LEA15984,CUS17596
OPP78832,2022-08-06,2022-07-06,320867,LOS00031,STA00031,PRO64122,USE47430,LEA07865,CUS54745
OPP55200,2022-11-20,2022-10-20,90505,LOS00032,STA00032,PRO63981,USE46703,LEA82968,CUS63344
OPP98231,Na,2021-04-05,814833,LOS00033,STA00033,PRO98085,USE46703,LEA84193,CUS09356
OPP29500,2020-06-14,2020-05-14,644214,LOS00034,STA00034,PRO30045,USE21508,LEA70563,CUS64569
OPP46238,2022-12-07,2022-11-07,456865,LOS00035,STA00035,PRO46773,USE88869,LEA39631,CUS05913
OPP82084,2023-02-18,2023-01-18,905289,LOS00036,STA00036,PRO75076,USE02936,LEA11087,CUS64265
OPP70196,2020-09-24,2020-08-24,587937,LOS00037,STA00037,PRO09500,USE42547,LEA51234,CUS12504
OPP73069,2022-08-21,2022-07-21,490906,LOS00038,STA00038,PRO26667,USE08695,LEA10284,CUS97228
OPP72405,2023-03-26,2023-02-26,280862,LOS00039,STA00039,PRO63981,USE02355,LEA49507,CUS51544
OPP06278,Na,2022-08-29,34195,LOS00040,STA00040,PRO95982,USE97715,LEA59107,CUS54092
OPP88710,2022-05-07,2022-04-07,238760,LOS00041,STA00041,PRO29563,USE08695,LEA27750,CUS75844
OPP26154,Na,2022-08-06,651596,LOS00042,STA00042,PRO30045,USE23457,LEA39788,CUS37785
OPP06056,Na,2020-05-23,138021,LOS00043,STA00043,PRO40808,USE42561,LEA12067,CUS58916
OPP11804,Na,2020-07-16,334642,LOS00044,STA00044,PRO64497,USE98230,LEA97063,CUS99364
OPP43555,Na,2021-01-01,673872,LOS00045,STA00045,PRO64122,USE97715,LEA82744,CUS34669
OPP21686,2023-04-08,2023-03-08,440034,LOS00046,STA00046,PRO21215,USE90173,LEA40968,CUS17324
OPP50526,Na,2023-02-12,305715,LOS00047,STA00047,PRO86754,USE01758,LEA80522,CUS46575
OPP70987,Na,2022-06-19,673157,LOS00048,STA00048,PRO64828,USE95961,LEA06111,CUS51771
OPP47281,Na,2020-05-29,295754,LOS00049,STA00049,PRO04233,USE23457,LEA22022,CUS82487
OPP41844,2023-01-21,2022-12-21,415546,LOS00050,STA00050,PRO63981,USE16130,LEA98113,CUS10424
OPP03731,Na,2022-09-29,534804,LOS00051,STA00051,PRO46773,USE70047,LEA14818,CUS26746
OPP04972,2020-09-21,2020-08-21,706284,LOS00052,STA00052,PRO04233,USE14736,LEA92712,CUS96960
OPP71452,2023-03-20,2023-02-20,715959,LOS00053,STA00053,PRO64122,USE97715,LEA10487,CUS08983
OPP70665,2021-08-08,2021-07-08,481657,LOS00054,STA00054,PRO13996,USE35653,LEA13574,CUS16556
OPP03839,2022-10-21,2022-09-21,709496,LOS00055,STA00055,PRO51725,USE40632,LEA18639,CUS50668
OPP59927,Na,2022-05-25,110304,LOS00056,STA00056,PRO64497,USE42547,LEA57775,CUS43122
OPP44014,2022-08-28,2022-07-28,785902,LOS00057,STA00057,PRO14701,USE51109,LEA19202,CUS72030
OPP23451,2020-11-09,2020-10-09,706170,LOS00058,STA00058,PRO14701,USE02355,LEA62101,CUS28901
OPP94065,2020-05-04,2020-04-04,309153,LOS00059,STA00059,PRO30045,USE69267,LEA08804,CUS10645
OPP93630,2022-02-11,2022-01-11,893733,LOS00060,STA00060,PRO26667,USE21508,LEA94238,CUS50723
OPP33331,2022-04-10,2022-03-10,956393,LOS00061,STA00061,PRO45787,USE70047,LEA52442,CUS98934
OPP87267,Na,2021-09-29,31201,LOS00062,STA00062,PRO74373,USE70047,LEA21764,CUS18172
OPP03376,Na,2022-07-22,626465,LOS00063,STA00063,PRO57903,USE24976,LEA08253,CUS44839
OPP42237,Na,2020-06-25,446027,LOS00064,STA00064,PRO51045,USE86666,LEA06229,CUS53558
OPP28033,2020-10-02,2020-09-02,881548,LOS00065,STA00065,PRO40808,USE01758,LEA77445,CUS54838
OPP67601,Na,2020-09-07,914076,LOS00066,STA00066,PRO67495,USE02355,LEA39373,CUS03946
OPP29206,2021-12-22,2021-11-22,629079,LOS00067,STA00067,PRO75076,USE14736,LEA50469,CUS57547
OPP07950,Na,2021-09-24,979209,LOS00068,STA00068,PRO07576,USE08695,LEA17949,CUS02761
OPP28835,2020-06-13,2020-05-13,699248,LOS00069,STA00069,PRO64497,USE64167,LEA97947,CUS91582
OPP44638,Na,2022-06-17,827974,LOS00070,STA00070,PRO99910,USE21508,LEA20500,CUS14137
OPP79411,Na,2021-02-22,671119,LOS00071,STA00071,PRO45787,USE23457,LEA62378,CUS06230
OPP20624,2023-04-14,2023-03-14,152113,LOS00072,STA00072,PRO14992,USE08403,LEA51272,CUS38089
OPP58996,2022-04-16,2022-03-16,295931,LOS00073,STA00073,PRO14701,USE40632,LEA06998,CUS94493
OPP65071,Na,2021-11-07,21160,LOS00074,STA00074,PRO79367,USE88869,LEA79988,CUS17408
OPP42715,Na,2021-09-16,394659,LOS00075,STA00075,PRO81999,USE47430,LEA48010,CUS98139
OPP84897,2022-06-19,2022-05-19,364020,LOS00076,STA00076,PRO75076,USE23457,LEA11695,CUS32525
OPP78599,Na,2022-09-13,315062,LOS00077,STA00077,PRO07576,USE64167,LEA00510,CUS03149
OPP74845,Na,2020-08-11,900876,LOS00078,STA00078,PRO74373,USE14736,LEA48853,CUS78120
OPP05132,Na,2020-06-01,418807,LOS00079,STA00079,PRO19301,USE40632,LEA20942,CUS36932
OPP20829,Na,2021-12-24,541227,LOS00080,STA00080,PRO86754,USE21141,LEA17478,CUS68550
OPP72164,2021-01-19,2020-12-19,975537,LOS00081,STA00081,PRO77206,USE97715,LEA56597,CUS37465
OPP88082,2021-06-05,2021-05-05,46119,LOS00082,STA00082,PRO98085,USE95961,LEA20337,CUS94293
OPP11966,2021-03-07,2021-02-07,36898,LOS00083,STA00083,PRO10732,USE90173,LEA26849,CUS63040
OPP19278,Na,2020-09-13,292389,LOS00084,STA00084,PRO86898,USE98230,LEA38085,CUS32503
OPP07379,Na,2021-04-09,810236,LOS00085,STA00085,PRO64122,USE02355,LEA75384,CUS35757
OPP79847,Na,2022-08-18,678542,LOS00086,STA00086,PRO79367,USE70047,LEA13220,CUS81235
OPP22489,2020-05-03,2020-04-03,377862,LOS00087,STA00087,PRO40808,USE90173,LEA19325,CUS30237
OPP59073,2020-08-02,2020-07-02,513749,LOS00088,STA00088,PRO67495,USE46703,LEA81150,CUS82115
OPP45855,Na,2021-10-04,114618,LOS00089,STA00089,PRO83380,USE02936,LEA12891,CUS05622
OPP78882,Na,2020-05-15,731248,LOS00090,STA00090,PRO97881,USE16130,LEA69121,CUS40816
OPP83909,2021-12-04,2021-11-04,701483,LOS00091,STA00091,PRO03838,USE40632,LEA55701,CUS70431
OPP85528,Na,2020-04-01,977135,LOS00092,STA00092,PRO21215,USE23457,LEA09845,CUS86687
OPP12780,Na,2022-05-20,839633,LOS00093,STA00093,PRO99910,USE98230,LEA72742,CUS60208
OPP53095,Na,2020-05-03,605988,LOS00094,STA00094,PRO64497,USE27298,LEA15023,CUS44635
OPP29842,Na,2021-04-28,774797,LOS00095,STA00095,PRO81999,USE69267,LEA14827,CUS89374
OPP45679,2021-03-25,2021-02-25,855328,LOS00096,STA00096,PRO99910,USE02936,LEA74679,CUS62082
OPP84923,Na,2022-01-15,21509,LOS00097,STA00097,PRO64497,USE90173,LEA62496,CUS93832
OPP95795,2021-09-30,2021-08-31,703622,LOS00098,STA00098,PRO26667,USE14736,LEA81359,CUS32126
OPP73800,2021-12-20,2021-11-20,313927,LOS00099,STA00099,PRO67890,USE97715,LEA69324,CUS41385
OPP27645,Na,2020-05-15,951198,LOS00100,STA00100,PRO64497,USE97715,LEA76601,CUS52214
OPP09237,2023-01-09,2022-12-09,591188,LOS00101,STA00101,PRO40808,USE46703,LEA93786,CUS09029
OPP02031,2023-04-13,2023-03-13,841178,LOS00102,STA00102,PRO14701,USE01758,LEA66176,CUS71998
OPP96167,Na,2023-02-08,755125,LOS00103,STA00103,PRO64828,USE70047,LEA93857,CUS72778
OPP41229,Na,2020-12-27,895133,LOS00104,STA00104,PRO65552,USE67246,LEA20686,CUS12235
OPP36247,2021-11-27,2021-10-27,960294,LOS00105,STA00105,PRO26667,USE88869,LEA29251,CUS64566
OPP73545,Na,2020-09-03,575664,LOS00106,STA00106,PRO14701,USE47430,LEA31647,CUS49718
OPP15956,2022-01-29,2021-12-29,811251,LOS00107,STA00107,PRO77206,USE17947,LEA71356,CUS26470
OPP12619,2021-05-05,2021-04-05,910174,LOS00108,STA00108,PRO83380,USE48045,LEA43080,CUS93798
OPP11162,Na,2021-06-14,927059,LOS00109,STA00109,PRO14992,USE47430,LEA05589,CUS18312
OPP46168,2021-09-14,2021-08-14,114061,LOS00110,STA00110,PRO65552,USE08695,LEA83980,CUS96477
OPP42813,Na,2022-10-31,981118,LOS00111,STA00111,PRO99910,USE02936,LEA33681,CUS71045
OPP97109,2023-03-24,2023-02-24,127292,LOS00112,STA00112,PRO41627,USE67246,LEA62627,CUS53700
OPP25663,2020-08-13,2020-07-13,628355,LOS00113,STA00113,PRO45787,USE34324,LEA82651,CUS94944
OPP96591,2020-06-20,2020-05-20,782603,LOS00114,STA00114,PRO04233,USE86666,LEA83110,CUS86443
OPP38196,Na,2022-08-24,628217,LOS00115,STA00115,PRO51045,USE02936,LEA72827,CUS19297
OPP28134,2020-05-16,2020-04-16,329695,LOS00116,STA00116,PRO65552,USE51109,LEA39496,CUS75309
OPP18768,Na,2022-08-12,131151,LOS00117,STA00117,PRO98085,USE47430,LEA85330,CUS10855
OPP52055,2021-05-04,2021-04-04,310330,LOS00118,STA00118,PRO67495,USE16130,LEA41027,CUS06496
OPP23532,Na,2021-11-04,157592,LOS00119,STA00119,PRO86898,USE34324,LEA81768,CUS17517
OPP02577,Na,2021-06-07,49983,LOS00120,STA00120,PRO64497,USE08695,LEA35441,CUS05483
OPP89784,Na,2021-01-25,995900,LOS00121,STA00121,PRO61136,USE17947,LEA96456,CUS06273
OPP39850,Na,2020-10-30,171490,LOS00122,STA00122,PRO56174,USE47430,LEA99846,CUS23873
OPP72183,Na,2022-10-22,857506,LOS00123,STA00123,PRO26667,USE08695,LEA82302,CUS38068
OPP87995,2020-05-04,2020-04-04,852354,LOS00124,STA00124,PRO14701,USE42547,LEA36295,CUS36078
OPP67174,Na,2022-06-04,700445,LOS00125,STA00125,PRO21215,USE08403,LEA06602,CUS50788
OPP59199,Na,2022-11-20,112289,LOS00126,STA00126,PRO86898,USE86666,LEA04536,CUS27025
OPP19853,Na,2021-07-11,775120,LOS00127,STA00127,PRO86898,USE70047,LEA50992,CUS85444
OPP71157,Na,2022-04-02,773152,LOS00128,STA00128,PRO79367,USE88869,LEA18264,CUS08390
OPP70180,2022-09-15,2022-08-15,100296,LOS00129,STA00129,PRO74373,USE14736,LEA65952,CUS37522
OPP35409,2021-10-12,2021-09-12,742806,LOS00130,STA00130,PRO19301,USE01758,LEA21575,CUS63466
OPP66479,2022-05-11,2022-04-11,127119,LOS00131,STA00131,PRO21215,USE69267,LEA25046,CUS78491
OPP71115,2021-02-18,2021-01-18,819387,LOS00132,STA00132,PRO04233,USE86666,LEA04239,CUS90644
OPP42173,Na,2020-04-13,674464,LOS00133,STA00133,PRO74373,USE46703,LEA83087,CUS65513
OPP97589,2021-09-21,2021-08-21,468253,LOS00134,STA00134,PRO14992,USE90173,LEA21573,CUS50235
OPP06811,Na,2021-04-06,171480,LOS00135,STA00135,PRO14992,USE02355,LEA38317,CUS60430
OPP32757,2022-04-08,2022-03-08,613838,LOS00136,STA00136,PRO01485,USE02355,LEA13302,CUS46509
OPP63877,2022-04-09,2022-03-09,205869,LOS00137,STA00137,PRO40808,USE46703,LEA41262,CUS24896
OPP16752,2022-12-01,2022-11-01,716751,LOS00138,STA00138,PRO61136,USE16130,LEA70237,CUS96288
OPP56062,2022-01-05,2021-12-05,324258,LOS00139,STA00139,PRO70558,USE14736,LEA45690,CUS98597
OPP29773,Na,2022-04-10,395388,LOS00140,STA00140,PRO56174,USE02355,LEA82481,CUS32591
OPP93128,2020-09-26,2020-08-26,385375,LOS00141,STA00141,PRO14701,USE21141,LEA10514,CUS97011
OPP55934,Na,2022-09-09,246088,LOS00142,STA00142,PRO26667,USE02936,LEA86293,CUS71442
OPP39591,2021-06-27,2021-05-27,250513,LOS00143,STA00143,PRO14701,USE40632,LEA91903,CUS78063
OPP04783,Na,2022-05-06,43391,LOS00144,STA00144,PRO86898,USE88869,LEA58003,CUS62030
OPP70594,Na,2020-06-14,261396,LOS00145,STA00145,PRO71161,USE48045,LEA89022,CUS27396
OPP61982,2022-05-12,2022-04-12,357084,LOS00146,STA00146,PRO86898,USE17947,LEA29597,CUS98718
OPP36674,2020-07-30,2020-06-30,15257,LOS00147,STA00147,PRO70558,USE64167,LEA51458,CUS66128
OPP68194,Na,2022-04-29,361340,LOS00148,STA00148,PRO67890,USE97715,LEA03876,CUS74473
OPP36255,Na,2021-11-30,82992,LOS00149,STA00149,PRO39806,USE14736,LEA00060,CUS91342
OPP47719,Na,2020-12-18,970455,LOS00150,STA00150,PRO26667,USE86666,LEA27286,CUS24364
OPP79670,2022-11-04,2022-10-04,591838,LOS00151,STA00151,PRO99910,USE86666,LEA98721,CUS78097
OPP14653,2022-07-05,2022-06-05,117663,LOS00152,STA00152,PRO10732,USE14736,LEA25893,CUS85822
OPP73406,Na,2020-10-19,164590,LOS00153,STA00153,PRO98085,USE64167,LEA19423,CUS27051
OPP90165,2020-09-24,2020-08-24,279442,LOS00154,STA00154,PRO03838,USE51109,LEA24636,CUS95125
OPP40182,2023-03-05,2023-02-05,571192,LOS00155,STA00155,PRO95982,USE95961,LEA19749,CUS90008
OPP89363,2021-11-16,2021-10-16,283445,LOS00156,STA00156,PRO44499,USE14736,LEA64115,CUS86466
OPP60092,Na,2020-12-17,88736,LOS00157,STA00157,PRO30045,USE02355,LEA10719,CUS99539
OPP08443,Na,2023-03-11,503845,LOS00158,STA00158,PRO21215,USE97715,LEA45158,CUS10827
OPP40432,2020-06-22,2020-05-22,952860,LOS00159,STA00159,PRO09500,USE97715,LEA99885,CUS86431
OPP97620,2021-03-23,2021-02-23,339521,LOS00160,STA00160,PRO26667,USE70047,LEA15639,CUS44017
OPP33921,Na,2020-05-16,438450,LOS00161,STA00161,PRO75076,USE01758,LEA21675,CUS65487
OPP46100,Na,2021-10-30,994923,LOS00162,STA00162,PRO57903,USE42547,LEA26783,CUS55248
OPP29051,2022-02-12,2022-01-12,728536,LOS00163,STA00163,PRO21215,USE34324,LEA99546,CUS23915
OPP36689,2021-02-05,2021-01-05,181145,LOS00164,STA00164,PRO51725,USE01758,LEA39184,CUS60715
OPP37823,Na,2021-12-01,26910,LOS00165,STA00165,PRO51045,USE69267,LEA66630,CUS06422
OPP41043,2020-07-28,2020-06-28,990079,LOS00166,STA00166,PRO64828,USE47430,LEA02007,CUS01285
OPP53251,2022-10-28,2022-09-28,651220,LOS00167,STA00167,PRO45787,USE88869,LEA99965,CUS61976
OPP76212,Na,2023-02-24,824837,LOS00168,STA00168,PRO51725,USE01758,LEA25553,CUS99749
OPP41973,2023-03-09,2023-02-09,295281,LOS00169,STA00169,PRO29563,USE34324,LEA52380,CUS23346
OPP82556,Na,2020-06-09,692419,LOS00170,STA00170,PRO71161,USE08403,LEA45073,CUS32170
OPP83158,Na,2021-04-10,103151,LOS00171,STA00171,PRO44499,USE02355,LEA79071,CUS05891
OPP90298,2023-01-14,2022-12-14,242040,LOS00172,STA00172,PRO01485,USE21508,LEA59827,CUS73760
OPP92414,2021-03-24,2021-02-24,992758,LOS00173,STA00173,PRO40808,USE02355,LEA14652,CUS62501
OPP00202,2022-05-31,2022-04-30,351058,LOS00174,STA00174,PRO97881,USE30167,LEA04834,CUS31664
OPP56332,Na,2020-06-30,951117,LOS00175,STA00175,PRO67495,USE67246,LEA87022,CUS74705
OPP11293,2020-11-04,2020-10-04,787617,LOS00176,STA00176,PRO44499,USE02936,LEA66651,CUS01933
OPP81821,2022-05-17,2022-04-17,873041,LOS00177,STA00177,PRO39806,USE02355,LEA35157,CUS00287
OPP20306,2023-01-11,2022-12-11,405130,LOS00178,STA00178,PRO93334,USE40632,LEA25991,CUS82138
OPP14190,Na,2023-02-23,213485,LOS00179,STA00179,PRO74373,USE01758,LEA75982,CUS84665
OPP16560,2022-11-19,2022-10-19,590896,LOS00180,STA00180,PRO13996,USE01758,LEA98981,CUS69506
OPP95810,2022-12-25,2022-11-25,100295,LOS00181,STA00181,PRO70558,USE23457,LEA32225,CUS39783
OPP51805,2023-04-16,2023-03-16,708909,LOS00182,STA00182,PRO26667,USE14736,LEA28839,CUS82423
OPP50825,Na,2021-10-03,394294,LOS00183,STA00183,PRO67495,USE70047,LEA41815,CUS61347
OPP94360,2022-06-21,2022-05-21,709908,LOS00184,STA00184,PRO64828,USE23457,LEA16639,CUS27417
OPP96736,2022-06-26,2022-05-26,113132,LOS00185,STA00185,PRO13996,USE08403,LEA46157,CUS80166
OPP25069,2022-04-02,2022-03-02,203237,LOS00186,STA00186,PRO77206,USE51109,LEA20419,CUS28020
OPP62488,2021-09-26,2021-08-26,836257,LOS00187,STA00187,PRO51045,USE01758,LEA40081,CUS56271
OPP67837,Na,2021-07-22,380179,LOS00188,STA00188,PRO13996,USE51109,LEA20970,CUS47748
OPP51164,Na,2022-04-25,268326,LOS00189,STA00189,PRO98085,USE70047,LEA60160,CUS51067
OPP61662,2022-12-26,2022-11-26,989153,LOS00190,STA00190,PRO77206,USE34324,LEA82711,CUS32515
OPP26128,2020-09-07,2020-08-07,125159,LOS00191,STA00191,PRO93334,USE70047,LEA82311,CUS57666
OPP85674,2022-04-16,2022-03-16,27557,LOS00192,STA00192,PRO03838,USE01758,LEA01735,CUS08621
OPP97495,2022-01-25,2021-12-25,406884,LOS00193,STA00193,PRO51725,USE17947,LEA10756,CUS48712
OPP23909,Na,2021-08-07,224945,LOS00194,STA00194,PRO39806,USE64167,LEA78907,CUS34156
OPP12434,2022-07-13,2022-06-13,725455,LOS00195,STA00195,PRO12639,USE21141,LEA51190,CUS65660
OPP66699,Na,2020-09-30,561480,LOS00196,STA00196,PRO01485,USE97715,LEA49349,CUS88584
OPP73997,2022-03-08,2022-02-08,624816,LOS00197,STA00197,PRO64122,USE21508,LEA94128,CUS30834
OPP66037,Na,2021-10-09,911794,LOS00198,STA00198,PRO41627,USE88869,LEA42908,CUS37155
OPP41971,2021-08-24,2021-07-24,600800,LOS00199,STA00199,PRO77206,USE30167,LEA70027,CUS67403
OPP12454,2023-04-08,2023-03-08,745151,LOS00200,STA00200,PRO75076,USE21141,LEA31271,CUS33812
OPP19458,2023-04-15,2023-03-15,421562,LOS00201,STA00201,PRO19301,USE69267,LEA78177,CUS27369
OPP91824,Na,2021-11-01,204426,LOS00202,STA00202,PRO30045,USE23457,LEA72333,CUS07833
OPP54747,Na,2023-01-28,606519,LOS00203,STA00203,PRO44499,USE51109,LEA23686,CUS22273
OPP31896,2020-06-17,2020-05-17,69831,LOS00204,STA00204,PRO57903,USE70047,LEA62983,CUS25479
OPP92980,2022-03-26,2022-02-26,95680,LOS00205,STA00205,PRO71161,USE69267,LEA90748,CUS55627
OPP41267,Na,2021-11-17,720471,LOS00206,STA00206,PRO77206,USE40632,LEA34166,CUS03311
OPP09076,2020-07-20,2020-06-20,754284,LOS00207,STA00207,PRO71161,USE51109,LEA81109,CUS07869
OPP46777,2023-01-11,2022-12-11,749423,LOS00208,STA00208,PRO12639,USE46703,LEA78340,CUS69904
OPP64745,Na,2022-03-20,634114,LOS00209,STA00209,PRO74373,USE02355,LEA06653,CUS20816
OPP85080,Na,2020-04-19,355763,LOS00210,STA00210,PRO92316,USE69267,LEA41080,CUS86454
OPP60313,2021-06-28,2021-05-28,523283,LOS00211,STA00211,PRO86754,USE08403,LEA00855,CUS80717
OPP34242,2022-06-07,2022-05-07,596405,LOS00212,STA00212,PRO86754,USE97715,LEA92693,CUS70761
OPP52923,Na,2021-06-14,357701,LOS00213,STA00213,PRO57903,USE23457,LEA37783,CUS31700
OPP97368,Na,2021-04-30,777309,LOS00214,STA00214,PRO01485,USE86666,LEA65383,CUS24022
OPP03049,Na,2022-07-01,842879,LOS00215,STA00215,PRO67890,USE02355,LEA19300,CUS57414
OPP20215,2021-05-14,2021-04-14,935311,LOS00216,STA00216,PRO51725,USE23457,LEA96026,CUS74158
OPP08130,Na,2022-06-14,884714,LOS00217,STA00217,PRO79367,USE34324,LEA28545,CUS78183
OPP61595,2022-05-05,2022-04-05,712755,LOS00218,STA00218,PRO77206,USE47430,LEA86732,CUS78864
OPP29477,2022-01-03,2021-12-03,870999,LOS00219,STA00219,PRO77206,USE98230,LEA22353,CUS88763
OPP41151,Na,2021-12-19,160224,LOS00220,STA00220,PRO21215,USE21508,LEA56413,CUS70731
OPP90386,2022-12-23,2022-11-23,856974,LOS00221,STA00221,PRO26667,USE02355,LEA93656,CUS53195
OPP94970,2022-02-04,2022-01-04,844477,LOS00222,STA00222,PRO65552,USE97715,LEA79870,CUS36162
OPP05825,2020-05-01,2020-04-01,815856,LOS00223,STA00223,PRO67495,USE02355,LEA96625,CUS84175
OPP01223,2022-07-27,2022-06-27,464992,LOS00224,STA00224,PRO29563,USE95961,LEA90640,CUS49673
OPP67109,Na,2022-09-04,546925,LOS00225,STA00225,PRO63981,USE23457,LEA38921,CUS37888
OPP16297,Na,2022-03-29,210951,LOS00226,STA00226,PRO67495,USE02355,LEA51131,CUS10471
OPP52270,2022-06-14,2022-05-14,496785,LOS00227,STA00227,PRO77206,USE02355,LEA10285,CUS03738
OPP17424,2022-11-26,2022-10-26,820647,LOS00228,STA00228,PRO63981,USE01758,LEA25764,CUS59556
OPP77115,2021-06-05,2021-05-05,990775,LOS00229,STA00229,PRO10732,USE08403,LEA22245,CUS75092
OPP04864,Na,2023-03-02,98796,LOS00230,STA00230,PRO97881,USE47430,LEA35032,CUS20311
OPP85979,2022-10-01,2022-09-01,795096,LOS00231,STA00231,PRO30045,USE47430,LEA44355,CUS88701
OPP99253,Na,2020-07-16,331875,LOS00232,STA00232,PRO26667,USE48045,LEA34622,CUS46216
OPP85762,Na,2020-07-27,360513,LOS00233,STA00233,PRO21215,USE88869,LEA32374,CUS35220
OPP66665,Na,2021-11-22,48006,LOS00234,STA00234,PRO41627,USE02355,LEA98205,CUS70274
OPP59319,2020-08-10,2020-07-10,886356,LOS00235,STA00235,PRO93334,USE47430,LEA28816,CUS64041
OPP95121,Na,2020-12-29,880983,LOS00236,STA00236,PRO07576,USE14736,LEA51278,CUS28694
OPP32495,Na,2021-02-17,700388,LOS00237,STA00237,PRO67495,USE97715,LEA56820,CUS10706
OPP81541,Na,2021-02-03,686149,LOS00238,STA00238,PRO40808,USE14736,LEA67346,CUS06790
OPP54142,2023-03-20,2023-02-20,422895,LOS00239,STA00239,PRO46773,USE95961,LEA62982,CUS79090
OPP06462,Na,2022-11-27,503109,LOS00240,STA00240,PRO64497,USE47430,LEA59252,CUS50945
OPP89700,2023-03-25,2023-02-25,876116,LOS00241,STA00241,PRO29563,USE34324,LEA40854,CUS98222
OPP62484,Na,2021-01-15,800687,LOS00242,STA00242,PRO64122,USE51109,LEA13017,CUS94703
OPP81966,2023-02-22,2023-01-22,745753,LOS00243,STA00243,PRO40808,USE21141,LEA95896,CUS46906
OPP11028,Na,2022-02-03,219295,LOS00244,STA00244,PRO26667,USE01758,LEA49660,CUS67328
OPP34379,2021-05-28,2021-04-28,51082,LOS00245,STA00245,PRO65552,USE86666,LEA58967,CUS52984
OPP26779,2022-10-25,2022-09-25,256984,LOS00246,STA00246,PRO51045,USE48045,LEA78897,CUS07953
OPP33115,Na,2022-02-19,62713,LOS00247,STA00247,PRO67890,USE88869,LEA85699,CUS53419
OPP15110,Na,2021-03-11,378223,LOS00248,STA00248,PRO44499,USE90173,LEA08246,CUS25309
OPP58736,Na,2020-05-09,974144,LOS00249,STA00249,PRO97881,USE23457,LEA56099,CUS36856
OPP06309,Na,2022-07-04,431994,LOS00250,STA00250,PRO12639,USE35653,LEA95954,CUS21427
OPP23767,Na,2022-05-14,22676,LOS00251,STA00251,PRO44499,USE08695,LEA87443,CUS42086
OPP71731,Na,2021-05-27,702679,LOS00252,STA00252,PRO26667,USE30167,LEA23053,CUS69849
OPP23240,2021-09-01,2021-08-01,186470,LOS00253,STA00253,PRO51045,USE14736,LEA59306,CUS71808
OPP25013,Na,2021-12-01,999162,LOS00254,STA00254,PRO07576,USE01758,LEA97649,CUS75474
OPP17992,2020-05-10,2020-04-10,524686,LOS00255,STA00255,PRO30045,USE95961,LEA11103,CUS20842
OPP76415,Na,2020-04-13,411211,LOS00256,STA00256,PRO67495,USE01758,LEA37180,CUS75864
OPP10416,2021-06-07,2021-05-07,944413,LOS00257,STA00257,PRO81999,USE47430,LEA94643,CUS88615
OPP32854,Na,2021-08-04,892543,LOS00258,STA00258,PRO45787,USE16130,LEA95724,CUS34233
OPP65855,2021-05-09,2021-04-09,692993,LOS00259,STA00259,PRO86898,USE88869,LEA94288,CUS99043
OPP19669,Na,2022-08-02,994729,LOS00260,STA00260,PRO14992,USE42547,LEA86163,CUS78309
OPP75648,Na,2023-03-29,266504,LOS00261,STA00261,PRO45787,USE23457,LEA88557,CUS43088
OPP67772,Na,2020-05-10,797165,LOS00262,STA00262,PRO64497,USE88869,LEA80136,CUS16002
OPP18099,2020-05-25,2020-04-25,315066,LOS00263,STA00263,PRO41627,USE40632,LEA78089,CUS85496
OPP78604,Na,2023-03-12,695549,LOS00264,STA00264,PRO64122,USE30167,LEA20789,CUS76529
OPP59407,2022-02-23,2022-01-23,216615,LOS00265,STA00265,PRO86898,USE97715,LEA01374,CUS85049
OPP41060,Na,2022-03-17,451773,LOS00266,STA00266,PRO01485,USE02936,LEA88351,CUS05126
OPP20375,2020-11-30,2020-10-30,745088,LOS00267,STA00267,PRO93334,USE23457,LEA96680,CUS31378
OPP91140,2020-06-20,2020-05-20,701275,LOS00268,STA00268,PRO67890,USE14736,LEA95583,CUS34020
OPP93595,Na,2020-07-11,677337,LOS00269,STA00269,PRO64122,USE46703,LEA07048,CUS02036
OPP24391,2022-05-13,2022-04-13,157061,LOS00270,STA00270,PRO14701,USE02355,LEA48876,CUS29144
OPP24133,2021-09-03,2021-08-03,354128,LOS00271,STA00271,PRO61136,USE08695,LEA43657,CUS02506
OPP62694,Na,2023-03-28,517303,LOS00272,STA00272,PRO56174,USE23457,LEA65233,CUS84022
OPP44074,Na,2022-07-13,643794,LOS00273,STA00273,PRO30045,USE67246,LEA15247,CUS77018
OPP83188,2021-05-11,2021-04-11,147453,LOS00274,STA00274,PRO03838,USE23457,LEA80586,CUS28686
OPP77519,Na,2021-03-07,615842,LOS00275,STA00275,PRO93334,USE21508,LEA92113,CUS07239
OPP65013,Na,2020-07-23,64458,LOS00276,STA00276,PRO56174,USE02936,LEA24198,CUS36934
OPP88583,Na,2022-05-17,156710,LOS00277,STA00277,PRO71161,USE21141,LEA35881,CUS23847
OPP34757,Na,2023-03-05,829561,LOS00278,STA00278,PRO70558,USE70047,LEA07870,CUS44869
OPP14227,2022-04-05,2022-03-05,999096,LOS00279,STA00279,PRO46773,USE02936,LEA91496,CUS27880
OPP69983,2021-04-06,2021-03-06,292208,LOS00280,STA00280,PRO81999,USE08403,LEA00719,CUS75167
OPP13324,2020-12-28,2020-11-28,877686,LOS00281,STA00281,PRO61136,USE21141,LEA02426,CUS94614
OPP52925,Na,2022-03-31,672647,LOS00282,STA00282,PRO70558,USE70047,LEA93679,CUS58048
OPP79490,2021-04-12,2021-03-12,118776,LOS00283,STA00283,PRO46773,USE23457,LEA23223,CUS52463
OPP11805,Na,2020-11-28,250557,LOS00284,STA00284,PRO41627,USE02355,LEA29498,CUS05056
OPP66904,2022-01-03,2021-12-03,476160,LOS00285,STA00285,PRO74373,USE27298,LEA91577,CUS16996
OPP46038,Na,2022-08-05,49373,LOS00286,STA00286,PRO39806,USE86666,LEA86390,CUS32250
OPP77034,Na,2020-04-20,974353,LOS00287,STA00287,PRO64828,USE02936,LEA54705,CUS46773
OPP84587,Na,2021-10-24,745792,LOS00288,STA00288,PRO30045,USE86666,LEA98211,CUS65097
OPP22631,Na,2022-02-04,873058,LOS00289,STA00289,PRO67495,USE46703,LEA68834,CUS19943
OPP85126,Na,2022-06-21,381602,LOS00290,STA00290,PRO40808,USE51109,LEA69121,CUS64066
OPP31601,2022-04-23,2022-03-23,674570,LOS00291,STA00291,PRO61136,USE86666,LEA70853,CUS55985
OPP49061,Na,2022-05-14,622374,LOS00292,STA00292,PRO29563,USE02936,LEA60732,CUS96583
OPP74326,Na,2023-01-06,148121,LOS00293,STA00293,PRO29563,USE83708,LEA27948,CUS54914
OPP88612,Na,2021-10-08,832698,LOS00294,STA00294,PRO01485,USE69267,LEA30874,CUS48369
OPP91372,2023-02-16,2023-01-16,824807,LOS00295,STA00295,PRO70558,USE34324,LEA33178,CUS25720
OPP73977,Na,2020-05-18,695341,LOS00296,STA00296,PRO83380,USE86666,LEA94179,CUS88254
OPP98021,Na,2020-10-15,715245,LOS00297,STA00297,PRO64497,USE40632,LEA87861,CUS19410
OPP52457,Na,2021-02-08,753273,LOS00298,STA00298,PRO30045,USE27298,LEA53077,CUS17680
OPP05425,2022-12-08,2022-11-08,953399,LOS00299,STA00299,PRO13996,USE70047,LEA31164,CUS88093
OPP22057,2021-11-12,2021-10-12,564708,LOS00300,STA00300,PRO86754,USE01758,LEA78812,CUS92562
OPP82720,2021-07-22,2021-06-22,132712,LOS00301,STA00301,PRO57903,USE51109,LEA75363,CUS58647
OPP51977,Na,2021-12-24,560485,LOS00302,STA00302,PRO70558,USE35653,LEA77797,CUS87423
OPP73531,2022-01-29,2021-12-29,534461,LOS00303,STA00303,PRO79367,USE98230,LEA12568,CUS10931
OPP41241,Na,2022-10-20,740495,LOS00304,STA00304,PRO86898,USE90173,LEA03850,CUS88377
OPP67171,Na,2021-01-26,217978,LOS00305,STA00305,PRO79367,USE97715,LEA57614,CUS55783
OPP04611,Na,2023-03-12,459654,LOS00306,STA00306,PRO75076,USE70047,LEA43595,CUS84988
OPP76182,Na,2022-07-01,849929,LOS00307,STA00307,PRO70558,USE51109,LEA69146,CUS32514
OPP18139,2020-10-11,2020-09-11,462210,LOS00308,STA00308,PRO51045,USE02355,LEA38643,CUS60595
OPP54643,Na,2022-09-09,57274,LOS00309,STA00309,PRO74373,USE23457,LEA45482,CUS47726
OPP11374,2022-12-04,2022-11-04,190173,LOS00310,STA00310,PRO14701,USE98230,LEA93399,CUS26550
OPP32439,2021-06-19,2021-05-19,413379,LOS00311,STA00311,PRO79367,USE47430,LEA25347,CUS41200
OPP17166,2022-05-15,2022-04-15,611128,LOS00312,STA00312,PRO64122,USE34324,LEA68095,CUS69469
OPP46727,2023-02-06,2023-01-06,914368,LOS00313,STA00313,PRO51725,USE42547,LEA26501,CUS88575
OPP03160,Na,2022-06-30,574106,LOS00314,STA00314,PRO67495,USE17947,LEA70987,CUS77216
OPP14946,2022-06-05,2022-05-05,624597,LOS00315,STA00315,PRO26667,USE86666,LEA99138,CUS81518
OPP14925,Na,2021-02-07,143281,LOS00316,STA00316,PRO46773,USE02355,LEA18497,CUS23905
OPP18318,Na,2021-07-12,990035,LOS00317,STA00317,PRO99910,USE95961,LEA15919,CUS98009
OPP12619,Na,2020-06-18,198616,LOS00318,STA00318,PRO74373,USE21141,LEA42463,CUS73170
OPP51928,Na,2021-08-30,368568,LOS00319,STA00319,PRO03838,USE64167,LEA81679,CUS37732
OPP45105,2021-12-16,2021-11-16,990054,LOS00320,STA00320,PRO86754,USE21508,LEA49678,CUS48051
OPP08683,Na,2021-12-29,442228,LOS00321,STA00321,PRO92316,USE08403,LEA02910,CUS86321
OPP64142,2021-06-06,2021-05-06,836230,LOS00322,STA00322,PRO46773,USE02936,LEA78861,CUS93116
OPP67300,Na,2020-05-08,416417,LOS00323,STA00323,PRO95982,USE88869,LEA27637,CUS47029
OPP80931,2020-06-16,2020-05-16,542765,LOS00324,STA00324,PRO64122,USE08695,LEA37736,CUS19904
OPP42663,2022-03-20,2022-02-20,145557,LOS00325,STA00325,PRO14992,USE98230,LEA83102,CUS87972
OPP95378,2022-05-23,2022-04-23,214217,LOS00326,STA00326,PRO30045,USE67246,LEA52101,CUS02783
OPP30830,2021-03-13,2021-02-13,543530,LOS00327,STA00327,PRO30045,USE01758,LEA05056,CUS55590
OPP72985,Na,2020-11-07,10062,LOS00328,STA00328,PRO74373,USE02355,LEA35519,CUS34115
OPP17966,Na,2021-02-21,779848,LOS00329,STA00329,PRO77206,USE46703,LEA58552,CUS71193
OPP88464,2021-11-14,2021-10-14,753591,LOS00330,STA00330,PRO01485,USE02355,LEA72687,CUS63883
OPP13364,2023-03-15,2023-02-15,699665,LOS00331,STA00331,PRO64828,USE70047,LEA33298,CUS96819
OPP75195,2021-10-20,2021-09-20,378120,LOS00332,STA00332,PRO45787,USE21141,LEA54981,CUS60768
OPP23039,Na,2023-02-23,542365,LOS00333,STA00333,PRO99910,USE47430,LEA72733,CUS95129
OPP45580,2021-01-12,2020-12-12,341562,LOS00334,STA00334,PRO44499,USE42561,LEA00853,CUS01495
OPP54263,2020-10-12,2020-09-12,57560,LOS00335,STA00335,PRO95982,USE42547,LEA25310,CUS51595
OPP81165,Na,2021-07-21,316404,LOS00336,STA00336,PRO19301,USE02936,LEA21616,CUS28021
OPP74257,2022-05-25,2022-04-25,212457,LOS00337,STA00337,PRO77206,USE51109,LEA99374,CUS83800
OPP79299,Na,2022-01-06,908152,LOS00338,STA00338,PRO14701,USE46703,LEA32779,CUS24264
OPP98617,2022-08-25,2022-07-25,229862,LOS00339,STA00339,PRO71161,USE02936,LEA98030,CUS28861
OPP49380,2021-01-18,2020-12-18,477867,LOS00340,STA00340,PRO97881,USE34324,LEA63848,CUS09612
OPP37447,2021-11-05,2021-10-05,431441,LOS00341,STA00341,PRO63981,USE48045,LEA92454,CUS69373
OPP25558,2022-09-10,2022-08-10,307425,LOS00342,STA00342,PRO93334,USE70047,LEA37125,CUS73644
OPP09204,Na,2022-03-27,103685,LOS00343,STA00343,PRO74373,USE97715,LEA90629,CUS47170
OPP12919,2021-03-23,2021-02-23,898779,LOS00344,STA00344,PRO81999,USE21508,LEA20623,CUS07380
OPP95445,2020-11-03,2020-10-03,47812,LOS00345,STA00345,PRO39806,USE95961,LEA36134,CUS13196
OPP07258,2022-11-27,2022-10-27,710356,LOS00346,STA00346,PRO74373,USE51109,LEA83894,CUS90190
OPP93473,2021-11-12,2021-10-12,845258,LOS00347,STA00347,PRO79367,USE40632,LEA90343,CUS65545
OPP64997,2021-07-19,2021-06-19,180688,LOS00348,STA00348,PRO03838,USE30167,LEA72085,CUS40244
OPP35239,Na,2022-01-24,639934,LOS00349,STA00349,PRO19301,USE24976,LEA02279,CUS02955
OPP51212,Na,2022-07-06,601052,LOS00350,STA00350,PRO93334,USE01758,LEA98444,CUS09797
OPP02441,2021-07-20,2021-06-20,57075,LOS00351,STA00351,PRO83380,USE83708,LEA04995,CUS88139
OPP06114,Na,2021-11-21,197229,LOS00352,STA00352,PRO13996,USE42561,LEA20343,CUS02883
OPP13035,Na,2021-08-29,697404,LOS00353,STA00353,PRO03838,USE34324,LEA46705,CUS46873
OPP69132,2020-10-12,2020-09-12,553079,LOS00354,STA00354,PRO95982,USE35653,LEA78898,CUS70158
OPP26371,2022-05-10,2022-04-10,85704,LOS00355,STA00355,PRO64497,USE95961,LEA70500,CUS50780
OPP29520,Na,2020-10-27,572300,LOS00356,STA00356,PRO13996,USE17947,LEA27383,CUS77646
OPP70176,2021-01-09,2020-12-09,109799,LOS00357,STA00357,PRO64122,USE64167,LEA70786,CUS78222
OPP54972,Na,2022-01-02,283915,LOS00358,STA00358,PRO77206,USE42547,LEA03871,CUS62520
OPP29497,2021-03-02,2021-02-02,581965,LOS00359,STA00359,PRO63981,USE51109,LEA56052,CUS54087
OPP88826,Na,2022-12-28,819004,LOS00360,STA00360,PRO70558,USE42547,LEA81768,CUS33789
OPP12627,Na,2020-09-01,903545,LOS00361,STA00361,PRO70558,USE90173,LEA33415,CUS58050
OPP43492,Na,2021-06-12,427797,LOS00362,STA00362,PRO14992,USE40632,LEA89931,CUS78283
OPP16646,2020-07-10,2020-06-10,199866,LOS00363,STA00363,PRO29563,USE17947,LEA50189,CUS24094
OPP26923,Na,2022-11-21,197398,LOS00364,STA00364,PRO75076,USE17947,LEA44582,CUS76148
OPP09022,Na,2021-06-08,867729,LOS00365,STA00365,PRO86754,USE95961,LEA47266,CUS82930
OPP58724,2021-09-14,2021-08-14,85135,LOS00366,STA00366,PRO12639,USE02355,LEA51607,CUS34456
OPP02388,2022-03-07,2022-02-07,91927,LOS00367,STA00367,PRO40808,USE17947,LEA63870,CUS37975
OPP05290,Na,2021-06-22,591400,LOS00368,STA00368,PRO67495,USE90173,LEA95597,CUS40012
OPP95486,2022-12-09,2022-11-09,386721,LOS00369,STA00369,PRO97881,USE86666,LEA01214,CUS18655
OPP39375,2022-03-05,2022-02-05,399010,LOS00370,STA00370,PRO39806,USE97715,LEA77989,CUS02089
OPP26809,2021-10-25,2021-09-25,927564,LOS00371,STA00371,PRO14701,USE21141,LEA56530,CUS56301
OPP91952,Na,2020-06-03,62777,LOS00372,STA00372,PRO40808,USE02355,LEA46841,CUS08507
OPP27330,Na,2022-03-25,242343,LOS00373,STA00373,PRO14992,USE46703,LEA71702,CUS52157
OPP48707,2023-02-22,2023-01-22,885738,LOS00374,STA00374,PRO61136,USE42547,LEA88271,CUS89618
OPP27480,2021-08-18,2021-07-18,809492,LOS00375,STA00375,PRO57903,USE98230,LEA13358,CUS59593
OPP40628,Na,2022-01-06,548283,LOS00376,STA00376,PRO19301,USE01758,LEA87730,CUS12532
OPP70968,2021-04-01,2021-03-01,642779,LOS00377,STA00377,PRO83380,USE14736,LEA09776,CUS35790
OPP72663,2021-12-17,2021-11-17,975245,LOS00378,STA00378,PRO70558,USE98230,LEA02117,CUS93849
OPP89855,2023-03-30,2023-02-28,465806,LOS00379,STA00379,PRO03838,USE40632,LEA31067,CUS06072
OPP32455,2022-01-14,2021-12-14,157264,LOS00380,STA00380,PRO67890,USE08403,LEA98831,CUS83528
OPP51515,Na,2021-09-03,929805,LOS00381,STA00381,PRO30045,USE14736,LEA11852,CUS34961
OPP35595,2022-03-02,2022-02-02,655042,LOS00382,STA00382,PRO29563,USE97715,LEA62684,CUS70654
OPP64763,Na,2022-07-01,645036,LOS00383,STA00383,PRO75076,USE21141,LEA95426,CUS10848
OPP61530,Na,2023-01-31,714433,LOS00384,STA00384,PRO95982,USE21508,LEA28383,CUS86273
OPP64848,2022-01-28,2021-12-28,726612,LOS00385,STA00385,PRO64497,USE46703,LEA93011,CUS33621
OPP93303,2022-03-20,2022-02-20,725105,LOS00386,STA00386,PRO07576,USE23457,LEA16544,CUS14693
OPP52556,2022-07-22,2022-06-22,155403,LOS00387,STA00387,PRO45787,USE90173,LEA23456,CUS73928
OPP25583,Na,2022-06-06,117496,LOS00388,STA00388,PRO01485,USE34324,LEA14057,CUS88009
OPP53324,Na,2022-05-24,547131,LOS00389,STA00389,PRO09500,USE86666,LEA91292,CUS49897
OPP37948,2021-12-28,2021-11-28,428534,LOS00390,STA00390,PRO64828,USE90173,LEA51360,CUS53028
OPP07274,2021-11-28,2021-10-28,273423,LOS00391,STA00391,PRO77206,USE42547,LEA12732,CUS66389
OPP15507,Na,2021-12-24,826084,LOS00392,STA00392,PRO63981,USE98230,LEA75025,CUS07222
OPP51977,Na,2020-05-12,945685,LOS00393,STA00393,PRO56174,USE23457,LEA69485,CUS16909
OPP23482,Na,2021-01-17,483206,LOS00394,STA00394,PRO64497,USE34324,LEA05095,CUS05185
OPP50808,2022-09-14,2022-08-14,843385,LOS00395,STA00395,PRO10732,USE42547,LEA51215,CUS22677
OPP27570,2022-01-25,2021-12-25,978134,LOS00396,STA00396,PRO98085,USE08695,LEA16349,CUS72280
OPP84912,Na,2022-06-04,761631,LOS00397,STA00397,PRO14992,USE51109,LEA16191,CUS76291
OPP37964,Na,2022-06-01,781387,LOS00398,STA00398,PRO81999,USE21141,LEA40288,CUS57895
OPP47078,2022-02-05,2022-01-05,88319,LOS00399,STA00399,PRO93334,USE23457,LEA80223,CUS87096
OPP47900,Na,2022-06-10,611331,LOS00400,STA00400,PRO12639,USE21141,LEA92395,CUS96327
OPP46090,2021-03-27,2021-02-27,836792,LOS00401,STA00401,PRO01485,USE14736,LEA63845,CUS69984
OPP22840,Na,2020-11-08,395764,LOS00402,STA00402,PRO03838,USE23457,LEA25389,CUS57121
OPP44347,2022-10-15,2022-09-15,418616,LOS00403,STA00403,PRO65552,USE24976,LEA04172,CUS58960
OPP53257,2021-05-03,2021-04-03,916692,LOS00404,STA00404,PRO10732,USE24976,LEA51421,CUS60348
OPP57952,2022-03-08,2022-02-08,421577,LOS00405,STA00405,PRO77206,USE90173,LEA94677,CUS19349
OPP76039,Na,2021-05-09,283357,LOS00406,STA00406,PRO74373,USE21508,LEA93483,CUS05384
OPP17799,Na,2023-03-10,251684,LOS00407,STA00407,PRO56174,USE40632,LEA21763,CUS52869
OPP40010,2020-12-29,2020-11-29,405475,LOS00408,STA00408,PRO86754,USE21508,LEA19331,CUS29006
OPP00817,2020-07-19,2020-06-19,365434,LOS00409,STA00409,PRO07576,USE02936,LEA57339,CUS07540
OPP96299,2020-06-08,2020-05-08,223168,LOS00410,STA00410,PRO70558,USE95961,LEA10098,CUS52341
OPP07225,Na,2021-11-07,730071,LOS00411,STA00411,PRO92316,USE23457,LEA10884,CUS14318
OPP95853,2020-09-09,2020-08-09,757561,LOS00412,STA00412,PRO51725,USE40632,LEA44710,CUS05070
OPP45584,Na,2022-12-24,678693,LOS00413,STA00413,PRO07576,USE46703,LEA23370,CUS95602
OPP04200,Na,2022-04-08,433091,LOS00414,STA00414,PRO93334,USE40632,LEA55272,CUS31006
OPP48749,Na,2020-12-06,541376,LOS00415,STA00415,PRO10732,USE14736,LEA78272,CUS71280
OPP46060,2020-05-03,2020-04-03,778594,LOS00416,STA00416,PRO14701,USE46703,LEA43418,CUS51288
OPP48354,Na,2021-09-09,627238,LOS00417,STA00417,PRO26667,USE02355,LEA58181,CUS40234
OPP42106,Na,2020-09-09,22337,LOS00418,STA00418,PRO09500,USE98230,LEA25189,CUS94394
OPP82002,Na,2020-08-09,272865,LOS00419,STA00419,PRO14992,USE70047,LEA97940,CUS04992
OPP98191,2022-09-17,2022-08-17,976089,LOS00420,STA00420,PRO45787,USE08403,LEA75616,CUS71484
OPP56082,2020-10-10,2020-09-10,876448,LOS00421,STA00421,PRO09500,USE35653,LEA00167,CUS47311
OPP85760,Na,2022-06-30,259067,LOS00422,STA00422,PRO56174,USE23457,LEA85554,CUS50467
OPP75858,Na,2020-11-24,939937,LOS00423,STA00423,PRO40808,USE02355,LEA46071,CUS54982
OPP38584,2021-12-11,2021-11-11,752238,LOS00424,STA00424,PRO64497,USE02355,LEA18022,CUS64117
OPP68472,2020-07-12,2020-06-12,971019,LOS00425,STA00425,PRO19301,USE02355,LEA11696,CUS30991
OPP86999,2022-09-15,2022-08-15,540452,LOS00426,STA00426,PRO51725,USE95961,LEA16584,CUS12894
OPP06807,Na,2022-04-08,958354,LOS00427,STA00427,PRO39806,USE42547,LEA08851,CUS74555
OPP94076,2020-09-24,2020-08-24,225847,LOS00428,STA00428,PRO19301,USE90173,LEA16808,CUS85158
OPP48166,Na,2022-12-05,570161,LOS00429,STA00429,PRO40808,USE67246,LEA16490,CUS16048
OPP51386,2021-09-22,2021-08-22,638013,LOS00430,STA00430,PRO26667,USE23457,LEA25564,CUS53426
OPP79638,2021-03-24,2021-02-24,233478,LOS00431,STA00431,PRO83380,USE86666,LEA62146,CUS58477
OPP44899,Na,2020-07-15,564026,LOS00432,STA00432,PRO51725,USE27298,LEA24812,CUS39651
OPP73239,2020-11-23,2020-10-23,251881,LOS00433,STA00433,PRO41240,USE83708,LEA55797,CUS42870
OPP10743,2021-07-05,2021-06-05,547193,LOS00434,STA00434,PRO95982,USE35653,LEA47612,CUS91397
OPP84758,Na,2022-12-19,193871,LOS00435,STA00435,PRO07576,USE69267,LEA98451,CUS57239
OPP65870,Na,2023-03-02,255382,LOS00436,STA00436,PRO40808,USE35653,LEA93113,CUS99204
OPP05944,2021-09-26,2021-08-26,266039,LOS00437,STA00437,PRO95982,USE97715,LEA30505,CUS26975
OPP05966,2021-02-09,2021-01-09,363611,LOS00438,STA00438,PRO99910,USE42547,LEA44947,CUS49898
OPP44858,2021-09-19,2021-08-19,640241,LOS00439,STA00439,PRO51725,USE27298,LEA89007,CUS96860
OPP01852,Na,2022-08-27,463630,LOS00440,STA00440,PRO29563,USE40632,LEA82300,CUS58966
OPP40260,Na,2023-03-01,375147,LOS00441,STA00441,PRO74373,USE21141,LEA05708,CUS73512
OPP91886,2022-06-24,2022-05-24,26547,LOS00442,STA00442,PRO81999,USE27298,LEA94372,CUS53868
OPP40832,2020-10-29,2020-09-29,886757,LOS00443,STA00443,PRO40808,USE23457,LEA83197,CUS51513
OPP08770,Na,2023-02-05,554600,LOS00444,STA00444,PRO51045,USE14736,LEA81511,CUS21787
OPP76123,Na,2021-09-19,380280,LOS00445,STA00445,PRO03838,USE21141,LEA83063,CUS08006
OPP98687,2020-07-26,2020-06-26,660072,LOS00446,STA00446,PRO92316,USE27298,LEA82781,CUS65320
OPP79663,2022-05-15,2022-04-15,445035,LOS00447,STA00447,PRO46773,USE42547,LEA84577,CUS63526
OPP30451,2021-09-25,2021-08-25,262458,LOS00448,STA00448,PRO03838,USE40632,LEA58530,CUS14217
OPP05107,Na,2020-08-23,582772,LOS00449,STA00449,PRO65552,USE34324,LEA77563,CUS51630
OPP86247,Na,2022-05-25,929086,LOS00450,STA00450,PRO79367,USE42547,LEA14914,CUS39913
OPP94608,2022-02-12,2022-01-12,845862,LOS00451,STA00451,PRO56174,USE90173,LEA45979,CUS78946
OPP90628,Na,2021-10-26,672030,LOS00452,STA00452,PRO74373,USE02936,LEA16997,CUS17533
OPP95171,2022-09-14,2022-08-14,930803,LOS00453,STA00453,PRO46773,USE21508,LEA52639,CUS73359
OPP11643,2021-04-12,2021-03-12,505391,LOS00454,STA00454,PRO09500,USE35653,LEA98884,CUS23562
OPP74333,Na,2022-05-19,568544,LOS00455,STA00455,PRO45787,USE02936,LEA94265,CUS14874
OPP88156,Na,2022-05-08,527996,LOS00456,STA00456,PRO03838,USE95961,LEA07627,CUS42308
OPP70181,Na,2022-01-07,150700,LOS00457,STA00457,PRO93334,USE42547,LEA37860,CUS25785
OPP61308,Na,2020-07-27,332743,LOS00458,STA00458,PRO97881,USE01758,LEA18053,CUS28171
OPP88382,Na,2021-12-20,477002,LOS00459,STA00459,PRO77206,USE64167,LEA04587,CUS73851
OPP57649,Na,2021-04-08,135829,LOS00460,STA00460,PRO46773,USE08695,LEA61683,CUS76911
OPP21443,Na,2021-11-01,628202,LOS00461,STA00461,PRO75076,USE42547,LEA17146,CUS87233
OPP50696,2022-04-03,2022-03-03,832782,LOS00462,STA00462,PRO93334,USE34324,LEA83484,CUS78602
OPP39653,2022-08-09,2022-07-09,43022,LOS00463,STA00463,PRO75076,USE90173,LEA38783,CUS45263
OPP32011,Na,2022-11-18,639374,LOS00464,STA00464,PRO61136,USE23457,LEA21253,CUS11514
OPP72017,Na,2021-12-22,939571,LOS00465,STA00465,PRO29563,USE21141,LEA18080,CUS44304
OPP50532,Na,2021-03-22,474706,LOS00466,STA00466,PRO13996,USE97715,LEA48657,CUS09173
OPP68476,2022-03-19,2022-02-19,230491,LOS00467,STA00467,PRO93334,USE14736,LEA78544,CUS69707
OPP18486,Na,2021-11-26,591191,LOS00468,STA00468,PRO14701,USE01758,LEA44149,CUS18430
OPP65180,Na,2022-01-15,371234,LOS00469,STA00469,PRO57903,USE23457,LEA25396,CUS82615
OPP71687,2020-10-16,2020-09-16,396358,LOS00470,STA00470,PRO67495,USE23457,LEA70357,CUS75936
OPP09602,Na,2023-02-03,35569,LOS00471,STA00471,PRO86898,USE14736,LEA90675,CUS59409
OPP01433,Na,2020-06-20,688567,LOS00472,STA00472,PRO14992,USE35653,LEA22832,CUS74036
OPP54557,Na,2020-10-09,253285,LOS00473,STA00473,PRO98085,USE90173,LEA78847,CUS32482
OPP68566,Na,2023-01-30,281917,LOS00474,STA00474,PRO21215,USE98230,LEA19084,CUS20150
OPP66699,2021-09-14,2021-08-14,735310,LOS00475,STA00475,PRO67890,USE51109,LEA93466,CUS02043
OPP70846,2022-06-19,2022-05-19,214876,LOS00476,STA00476,PRO92316,USE47430,LEA97387,CUS57417
OPP11023,Na,2021-05-10,587943,LOS00477,STA00477,PRO09500,USE02355,LEA16810,CUS30937
OPP00162,Na,2020-08-22,440671,LOS00478,STA00478,PRO14701,USE01758,LEA39604,CUS50455
OPP41818,Na,2022-02-03,753130,LOS00479,STA00479,PRO64122,USE51109,LEA22843,CUS45128
OPP57409,2021-02-19,2021-01-19,796115,LOS00480,STA00480,PRO13996,USE90173,LEA60339,CUS75144
OPP44319,2020-12-23,2020-11-23,641076,LOS00481,STA00481,PRO29563,USE21141,LEA69826,CUS12417
OPP87909,2022-01-04,2021-12-04,21706,LOS00482,STA00482,PRO30045,USE40632,LEA21333,CUS01925
OPP53050,2020-11-06,2020-10-06,539168,LOS00483,STA00483,PRO86898,USE90173,LEA80395,CUS53248
OPP13646,Na,2021-08-22,284173,LOS00484,STA00484,PRO74373,USE23457,LEA11749,CUS97158
OPP58384,Na,2022-05-10,854128,LOS00485,STA00485,PRO92316,USE40632,LEA59897,CUS07465
OPP09515,Na,2021-10-29,197625,LOS00486,STA00486,PRO04233,USE98230,LEA55874,CUS75163
OPP29414,2022-02-28,2022-01-31,109210,LOS00487,STA00487,PRO40808,USE86666,LEA21215,CUS67117
OPP75028,2020-11-01,2020-10-01,783555,LOS00488,STA00488,PRO79367,USE90173,LEA29999,CUS53919
OPP16223,Na,2020-05-11,38396,LOS00489,STA00489,PRO64828,USE23457,LEA79558,CUS75248
OPP68888,2023-03-23,2023-02-23,405354,LOS00490,STA00490,PRO14992,USE46703,LEA90454,CUS08580
OPP83587,2023-04-16,2023-03-16,114393,LOS00491,STA00491,PRO39806,USE30167,LEA28813,CUS46176
OPP98360,2021-08-22,2021-07-22,429779,LOS00492,STA00492,PRO81999,USE70047,LEA71310,CUS52997
OPP77806,2021-08-16,2021-07-16,225673,LOS00493,STA00493,PRO95982,USE21508,LEA63861,CUS28028
OPP28057,Na,2021-01-11,296020,LOS00494,STA00494,PRO51045,USE88869,LEA59403,CUS06183
OPP37758,Na,2020-06-27,575979,LOS00495,STA00495,PRO81999,USE21508,LEA11694,CUS44423
OPP28430,2020-09-08,2020-08-08,612509,LOS00496,STA00496,PRO75076,USE23457,LEA70979,CUS76253
OPP88091,2020-05-16,2020-04-16,662042,LOS00497,STA00497,PRO79367,USE46703,LEA19062,CUS97324
OPP68328,Na,2022-07-25,555107,LOS00498,STA00498,PRO65552,USE34324,LEA23775,CUS94222
OPP24841,Na,2021-12-17,49058,LOS00499,STA00499,PRO41240,USE90173,LEA66782,CUS53430
OPP21761,2020-05-22,2020-04-22,407266,LOS00500,STA00500,,USE70047,LEA53464,CUS07278
,,,,,STA00501,,,,
