order_id,order_date,order_status_id,expected_delivery_date,delivery_date,quote_id,shipping_address_id
ORD63050,2020-12-19,OST00001,2021-01-19,Na,QUO22778,SCI00001
ORD52371,2023-02-20,OST00002,2023-03-20,Na,QUO48546,SCI00002
ORD93092,2020-05-08,OST00003,2020-06-08,2020-07-08,QUO40080,SCI00003
ORD56163,2021-10-09,OST00004,2021-11-09,Na,QUO67150,SCI00004
ORD40878,2022-11-01,OST00005,2022-12-01,Na,QUO58665,SCI00005
ORD58215,2020-06-09,OST00006,2020-07-09,Na,QUO59697,SCI00006
ORD27652,2020-09-13,OST00007,2020-10-13,2020-11-13,QUO47287,SCI00007
ORD61408,2022-07-28,OST00008,2022-08-28,Na,QUO30650,SCI00008
ORD14554,2021-04-28,OST00009,2021-05-28,Na,QUO42085,SCI00009
ORD04029,2022-03-09,OST00010,2022-04-09,2022-05-09,QUO18076,SCI00010
ORD58717,2020-12-09,OST00011,2021-01-09,2021-02-09,QUO55504,SCI00011
ORD82701,2022-08-15,OST00012,2022-09-15,2022-10-15,QUO97762,SCI00012
ORD18326,2022-11-18,OST00013,2022-12-18,Na,QUO92354,SCI00013
ORD29029,2020-06-27,OST00014,2020-07-27,2020-08-27,QUO05616,SCI00014
ORD55034,2021-09-19,OST00015,2021-10-19,Na,QUO74774,SCI00015
ORD56222,2020-04-22,OST00016,2020-05-22,2020-06-22,QUO67020,SCI00016
ORD97052,2021-03-22,OST00017,2021-04-22,Na,QUO08235,SCI00017
ORD14567,2020-12-19,OST00018,2021-01-19,Na,QUO89300,SCI00018
ORD18464,2021-04-03,OST00019,2021-05-03,2021-06-03,QUO57320,SCI00019
ORD81822,2022-01-12,OST00020,2022-02-12,Na,QUO47673,SCI00020
ORD57007,2020-10-09,OST00021,2020-11-09,Na,QUO03038,SCI00021
ORD82143,2022-06-14,OST00022,2022-07-14,Na,QUO87409,SCI00022
ORD00255,2022-10-04,OST00023,2022-11-04,2022-12-04,QUO92836,SCI00023
ORD30491,2022-05-07,OST00024,2022-06-07,2022-07-07,QUO80134,SCI00024
ORD48131,2020-12-29,OST00025,2021-01-29,2021-02-28,QUO08944,SCI00025
ORD01975,2022-10-22,OST00026,2022-11-22,2022-12-22,QUO55608,SCI00026
ORD50529,2020-06-09,OST00027,2020-07-09,Na,QUO03681,SCI00027
ORD41497,2022-06-05,OST00028,2022-07-05,2022-08-05,QUO31724,SCI00028
ORD42817,2021-01-18,OST00029,2021-02-18,Na,QUO61663,SCI00029
ORD76271,2022-01-06,OST00030,2022-02-06,Na,QUO89653,SCI00030
ORD19719,2021-04-10,OST00031,2021-05-10,Na,QUO43517,SCI00031
ORD67572,2022-05-25,OST00032,2022-06-25,2022-07-25,QUO43741,SCI00032
ORD44734,2021-08-19,OST00033,2021-09-19,Na,QUO68897,SCI00033
ORD95109,2020-06-28,OST00034,2020-07-28,2020-08-28,QUO15967,SCI00034
ORD14949,2021-11-01,OST00035,2021-12-01,2022-01-01,QUO04879,SCI00035
ORD16794,2020-12-19,OST00036,2021-01-19,Na,QUO39620,SCI00036
ORD23398,2021-03-28,OST00037,2021-04-28,Na,QUO57822,SCI00037
ORD27326,2021-04-05,OST00038,2021-05-05,Na,QUO60496,SCI00038
ORD95225,2021-10-12,OST00039,2021-11-12,Na,QUO92644,SCI00039
ORD67468,2020-04-02,OST00040,2020-05-02,Na,QUO17980,SCI00040
ORD99505,2022-02-03,OST00041,2022-03-03,Na,QUO41481,SCI00041
ORD38111,2022-05-10,OST00042,2022-06-10,Na,QUO18770,SCI00042
ORD24939,2021-09-24,OST00043,2021-10-24,Na,QUO34143,SCI00043
ORD79040,2021-10-24,OST00044,2021-11-24,Na,QUO51678,SCI00044
ORD24561,2022-08-02,OST00045,2022-09-02,Na,QUO80342,SCI00045
ORD43171,2021-11-07,OST00046,2021-12-07,2022-01-07,QUO66540,SCI00046
ORD98249,2022-08-14,OST00047,2022-09-14,Na,QUO63490,SCI00047
ORD35306,2023-01-30,OST00048,2023-02-28,2023-03-30,QUO58331,SCI00048
ORD91886,2021-05-09,OST00049,2021-06-09,2021-07-09,QUO15978,SCI00049
ORD68132,2020-05-09,OST00050,2020-06-09,Na,QUO39411,SCI00050
ORD13388,2023-02-25,OST00051,2023-03-25,2023-04-25,QUO75436,SCI00051
ORD40431,2020-10-30,OST00052,2020-11-30,Na,QUO82061,SCI00052
ORD74853,2022-08-17,OST00053,2022-09-17,Na,QUO45345,SCI00053
ORD61445,2020-04-13,OST00054,2020-05-13,2020-06-13,QUO28321,SCI00054
ORD54925,2020-05-10,OST00055,2020-06-10,2020-07-10,QUO11502,SCI00055
ORD65648,2020-05-16,OST00056,2020-06-16,2020-07-16,QUO62422,SCI00056
ORD02459,2023-02-24,OST00057,2023-03-24,Na,QUO19729,SCI00057
ORD28869,2020-08-21,OST00058,2020-09-21,Na,QUO23048,SCI00058
ORD09198,2021-04-28,OST00059,2021-05-28,Na,QUO03610,SCI00059
ORD59328,2020-12-09,OST00060,2021-01-09,2021-02-09,QUO54674,SCI00060
ORD10422,2023-02-20,OST00061,2023-03-20,2023-04-20,QUO61943,SCI00061
ORD88099,2020-08-09,OST00062,2020-09-09,Na,QUO86093,SCI00062
ORD40388,2023-02-25,OST00063,2023-03-25,Na,QUO24253,SCI00063
ORD02052,2022-05-19,OST00064,2022-06-19,2022-07-19,QUO48682,SCI00064
ORD29241,2020-07-16,OST00065,2020-08-16,2020-09-16,QUO24334,SCI00065
ORD72139,2022-08-02,OST00066,2022-09-02,2022-10-02,QUO60220,SCI00066
ORD06286,2022-11-04,OST00067,2022-12-04,2023-01-04,QUO80090,SCI00067
ORD50211,2022-10-02,OST00068,2022-11-02,2022-12-02,QUO47560,SCI00068
ORD51512,2022-05-06,OST00069,2022-06-06,2022-07-06,QUO33042,SCI00069
ORD18113,2020-05-23,OST00070,2020-06-23,Na,QUO53874,SCI00070
ORD35289,2020-09-12,OST00071,2020-10-12,Na,QUO71481,SCI00071
ORD94194,2021-08-03,OST00072,2021-09-03,2021-10-03,QUO45880,SCI00072
ORD94002,2020-07-27,OST00073,2020-08-27,Na,QUO84316,SCI00073
ORD38955,2021-04-05,OST00074,2021-05-05,2021-06-05,QUO54735,SCI00074
ORD38888,2022-03-03,OST00075,2022-04-03,Na,QUO85063,SCI00075
ORD10455,2021-10-26,OST00076,2021-11-26,Na,QUO80975,SCI00076
ORD65934,2023-02-15,OST00077,2023-03-15,Na,QUO83441,SCI00077
ORD36443,2022-05-07,OST00078,2022-06-07,Na,QUO23594,SCI00078
ORD18014,2021-09-12,OST00079,2021-10-12,Na,QUO06699,SCI00079
ORD88518,2021-08-22,OST00080,2021-09-22,2021-10-22,QUO89682,SCI00080
ORD75560,2022-03-02,OST00081,2022-04-02,Na,QUO07876,SCI00081
ORD61209,2021-05-19,OST00082,2021-06-19,Na,QUO00872,SCI00082
ORD99865,2020-12-18,OST00083,2021-01-18,2021-02-18,QUO95290,SCI00083
ORD39743,2020-09-01,OST00084,2020-10-01,Na,QUO58473,SCI00084
ORD34161,2022-06-21,OST00085,2022-07-21,2022-08-21,QUO90443,SCI00085
ORD53373,2022-06-22,OST00086,2022-07-22,Na,QUO41215,SCI00086
ORD76690,2022-05-24,OST00087,2022-06-24,Na,QUO34390,SCI00087
ORD47264,2020-12-12,OST00088,2021-01-12,Na,QUO47415,SCI00088
ORD32720,2020-10-15,OST00089,2020-11-15,Na,QUO61769,SCI00089
ORD96161,2020-09-29,OST00090,2020-10-29,Na,QUO48309,SCI00090
ORD21789,2022-05-10,OST00091,2022-06-10,2022-07-10,QUO06507,SCI00091
ORD63769,2022-01-11,OST00092,2022-02-11,Na,QUO68861,SCI00092
ORD17639,2020-11-23,OST00093,2020-12-23,Na,QUO93208,SCI00093
ORD20890,2023-02-05,OST00094,2023-03-05,2023-04-05,QUO22161,SCI00094
ORD13812,2020-12-12,OST00095,2021-01-12,2021-02-12,QUO92368,SCI00095
ORD49944,2021-02-24,OST00096,2021-03-24,Na,QUO09188,SCI00096
ORD96418,2021-12-25,OST00097,2022-01-25,2022-02-25,QUO65534,SCI00097
ORD66837,2020-10-23,OST00098,2020-11-23,2020-12-23,QUO97414,SCI00098
ORD84469,2020-10-09,OST00099,2020-11-09,Na,QUO37517,SCI00099
ORD83755,2022-08-14,OST00100,2022-09-14,Na,QUO64683,SCI00100
ORD25940,2022-03-27,OST00101,2022-04-27,Na,QUO58594,SCI00101
ORD77613,2021-02-03,OST00102,2021-03-03,2021-04-03,QUO29813,SCI00102
ORD36665,2021-08-29,OST00103,2021-09-29,Na,QUO96448,SCI00103
ORD79100,2022-02-20,OST00104,2022-03-20,Na,QUO64833,SCI00104
ORD34800,2020-06-30,OST00105,2020-07-30,Na,QUO83854,SCI00105
ORD36483,2021-02-27,OST00106,2021-03-27,Na,QUO39792,SCI00106
ORD66700,2023-01-30,OST00107,2023-02-28,2023-03-30,QUO95608,SCI00107
ORD50404,2021-12-29,OST00108,2022-01-29,Na,QUO61688,SCI00108
ORD54756,2021-12-14,OST00109,2022-01-14,2022-02-14,QUO79339,SCI00109
ORD72241,2020-04-03,OST00110,2020-05-03,2020-06-03,QUO39267,SCI00110
ORD26303,2021-08-26,OST00111,2021-09-26,Na,QUO21812,SCI00111
ORD11819,2022-08-15,OST00112,2022-09-15,Na,QUO73792,SCI00112
ORD75548,2021-12-24,OST00113,2022-01-24,Na,QUO65805,SCI00113
ORD90923,2022-07-13,OST00114,2022-08-13,2022-09-13,QUO61998,SCI00114
ORD30614,2022-03-02,OST00115,2022-04-02,Na,QUO61508,SCI00115
ORD82125,2022-08-10,OST00116,2022-09-10,Na,QUO94090,SCI00116
ORD29637,2021-01-18,OST00117,2021-02-18,Na,QUO81828,SCI00117
ORD66713,2022-01-12,OST00118,2022-02-12,Na,QUO00814,SCI00118
ORD70402,2022-11-26,OST00119,2022-12-26,2023-01-26,QUO65076,SCI00119
ORD98966,2022-11-01,OST00120,2022-12-01,Na,QUO66439,SCI00120
ORD62050,2020-05-16,OST00121,2020-06-16,Na,QUO63305,SCI00121
ORD34936,2020-12-09,OST00122,2021-01-09,Na,QUO55504,SCI00122
ORD61092,2020-10-06,OST00123,2020-11-06,2020-12-06,QUO11888,SCI00123
ORD71362,2023-02-25,OST00124,2023-03-25,Na,QUO03999,SCI00124
ORD72895,2021-02-17,OST00125,2021-03-17,2021-04-17,QUO43053,SCI00125
ORD22818,2020-08-07,OST00126,2020-09-07,Na,QUO35296,SCI00126
ORD89454,2020-07-16,OST00127,2020-08-16,Na,QUO17527,SCI00127
ORD28494,2022-11-20,OST00128,2022-12-20,Na,QUO87959,SCI00128
ORD53363,2020-04-13,OST00129,2020-05-13,2020-06-13,QUO42881,SCI00129
ORD38679,2022-10-22,OST00130,2022-11-22,Na,QUO91116,SCI00130
ORD70010,2020-09-03,OST00131,2020-10-03,2020-11-03,QUO81725,SCI00131
ORD12656,2021-02-02,OST00132,2021-03-02,2021-04-02,QUO16181,SCI00132
ORD03648,2020-05-18,OST00133,2020-06-18,Na,QUO58597,SCI00133
ORD68177,2021-08-22,OST00134,2021-09-22,2021-10-22,QUO46585,SCI00134
ORD41889,2022-09-29,OST00135,2022-10-29,Na,QUO04863,SCI00135
ORD91263,2020-10-04,OST00136,2020-11-04,Na,QUO96304,SCI00136
ORD41044,2022-09-09,OST00137,2022-10-09,2022-11-09,QUO88891,SCI00137
ORD63564,2020-09-03,OST00138,2020-10-03,Na,QUO31197,SCI00138
ORD78318,2021-02-21,OST00139,2021-03-21,Na,QUO68094,SCI00139
ORD56339,2021-10-08,OST00140,2021-11-08,Na,QUO00013,SCI00140
ORD47450,2022-08-14,OST00141,2022-09-14,Na,QUO25789,SCI00141
ORD84704,2022-01-06,OST00142,2022-02-06,Na,QUO53444,SCI00142
ORD35860,2022-11-26,OST00143,2022-12-26,2023-01-26,QUO35258,SCI00143
ORD27815,2021-10-05,OST00144,2021-11-05,2021-12-05,QUO48009,SCI00144
ORD40097,2020-11-24,OST00145,2020-12-24,Na,QUO48105,SCI00145
ORD52102,2020-12-21,OST00146,2021-01-21,2021-02-21,QUO77891,SCI00146
ORD08735,2022-10-31,OST00147,2022-11-30,2022-12-31,QUO14071,SCI00147
ORD28978,2022-06-30,OST00148,2022-07-30,Na,QUO82096,SCI00148
ORD24847,2020-08-24,OST00149,2020-09-24,Na,QUO67913,SCI00149
ORD97689,2020-11-07,OST00150,2020-12-07,2021-01-07,QUO17526,SCI00150
ORD65591,2021-06-14,OST00151,2021-07-14,2021-08-14,QUO19226,SCI00151
ORD65490,2021-10-14,OST00152,2021-11-14,Na,QUO04613,SCI00152
ORD09746,2022-12-24,OST00153,2023-01-24,Na,QUO07569,SCI00153
ORD00699,2021-10-12,OST00154,2021-11-12,Na,QUO09108,SCI00154
ORD03637,2022-06-05,OST00155,2022-07-05,2022-08-05,QUO79425,SCI00155
ORD70178,2022-12-13,OST00156,2023-01-13,Na,QUO17542,SCI00156
ORD94671,2021-06-07,OST00157,2021-07-07,2021-08-07,QUO09841,SCI00157
ORD89784,2021-10-29,OST00158,2021-11-29,Na,QUO37607,SCI00158
ORD97722,2022-01-07,OST00159,2022-02-07,2022-03-07,QUO24598,SCI00159
ORD83036,2021-03-28,OST00160,2021-04-28,2021-05-28,QUO68073,SCI00160
ORD32499,2022-11-09,OST00161,2022-12-09,Na,QUO20777,SCI00161
ORD34578,2021-09-03,OST00162,2021-10-03,Na,QUO17987,SCI00162
ORD66186,2020-06-01,OST00163,2020-07-01,2020-08-01,QUO66353,SCI00163
ORD76073,2020-05-22,OST00164,2020-06-22,2020-07-22,QUO59272,SCI00164
ORD19496,2021-11-01,OST00165,2021-12-01,Na,QUO42496,SCI00165
ORD40086,2021-12-29,OST00166,2022-01-29,2022-02-28,QUO41709,SCI00166
ORD95361,2022-08-02,OST00167,2022-09-02,2022-10-02,QUO34905,SCI00167
ORD86076,2022-04-12,OST00168,2022-05-12,2022-06-12,QUO39602,SCI00168
ORD95840,2022-04-10,OST00169,2022-05-10,2022-06-10,QUO77362,SCI00169
ORD60575,2021-05-09,OST00170,2021-06-09,2021-07-09,QUO78468,SCI00170
ORD79711,2022-09-01,OST00171,2022-10-01,Na,QUO04915,SCI00171
ORD01743,2022-08-17,OST00172,2022-09-17,Na,QUO78953,SCI00172
ORD94061,2020-12-19,OST00173,2021-01-19,Na,QUO32045,SCI00173
ORD55446,2020-04-10,OST00174,2020-05-10,Na,QUO46931,SCI00174
ORD96918,2020-07-15,OST00175,2020-08-15,Na,QUO14412,SCI00175
ORD12359,2022-03-14,OST00176,2022-04-14,Na,QUO05095,SCI00176
ORD37260,2021-05-05,OST00177,2021-06-05,2021-07-05,QUO05139,SCI00177
ORD95265,2021-08-21,OST00178,2021-09-21,Na,QUO74394,SCI00178
ORD10838,2020-12-21,OST00179,2021-01-21,2021-02-21,QUO53266,SCI00179
ORD75789,2022-06-01,OST00180,2022-07-01,Na,QUO62929,SCI00180
ORD80111,2021-04-28,OST00181,2021-05-28,Na,QUO60637,SCI00181
ORD35781,2021-07-22,OST00182,2021-08-22,Na,QUO14330,SCI00182
ORD23175,2021-04-28,OST00183,2021-05-28,Na,QUO26384,SCI00183
ORD47624,2020-05-16,OST00184,2020-06-16,Na,QUO75181,SCI00184
ORD22704,2021-08-14,OST00185,2021-09-14,2021-10-14,QUO83188,SCI00185
ORD69963,2020-07-02,OST00186,2020-08-02,2020-09-02,QUO71718,SCI00186
ORD96652,2022-10-26,OST00187,2022-11-26,Na,QUO81028,SCI00187
ORD25737,2022-09-29,OST00188,2022-10-29,2022-11-29,QUO10409,SCI00188
ORD61765,2021-06-07,OST00189,2021-07-07,2021-08-07,QUO59093,SCI00189
ORD30811,2021-10-29,OST00190,2021-11-29,Na,QUO45523,SCI00190
ORD91556,2020-12-27,OST00191,2021-01-27,2021-02-27,QUO39274,SCI00191
ORD75613,2020-05-18,OST00192,2020-06-18,Na,QUO15541,SCI00192
ORD89770,2022-11-09,OST00193,2022-12-09,Na,QUO16423,SCI00193
ORD38719,2023-03-16,OST00194,2023-04-16,Na,QUO56857,SCI00194
ORD59717,2020-05-22,OST00195,2020-06-22,2020-07-22,QUO04445,SCI00195
ORD25481,2021-10-27,OST00196,2021-11-27,Na,QUO87029,SCI00196
ORD55858,2023-01-06,OST00197,2023-02-06,2023-03-06,QUO35442,SCI00197
ORD61123,2020-12-29,OST00198,2021-01-29,Na,QUO61021,SCI00198
ORD88572,2020-04-02,OST00199,2020-05-02,Na,QUO10222,SCI00199
ORD66086,2022-11-08,OST00200,2022-12-08,2023-01-08,QUO97966,SCI00200
ORD71414,2022-05-08,OST00201,2022-06-08,Na,QUO89841,SCI00201
ORD47175,2022-04-15,OST00202,2022-05-15,Na,QUO49628,SCI00202
ORD43772,2022-01-03,OST00203,2022-02-03,Na,QUO38706,SCI00203
ORD68414,2022-02-04,OST00204,2022-03-04,2022-04-04,QUO72818,SCI00204
ORD16418,2020-05-09,OST00205,2020-06-09,2020-07-09,QUO14671,SCI00205
ORD20326,2021-07-18,OST00206,2021-08-18,Na,QUO89487,SCI00206
ORD84448,2022-02-08,OST00207,2022-03-08,2022-04-08,QUO49134,SCI00207
ORD24527,2022-05-19,OST00208,2022-06-19,2022-07-19,QUO63931,SCI00208
ORD59941,2021-07-12,OST00209,2021-08-12,Na,QUO66570,SCI00209
ORD21995,2021-08-14,OST00210,2021-09-14,2021-10-14,QUO30380,SCI00210
ORD42298,2020-10-23,OST00211,2020-11-23,Na,QUO19273,SCI00211
ORD16447,2021-09-19,OST00212,2021-10-19,Na,QUO22836,SCI00212
ORD58190,2020-08-24,OST00213,2020-09-24,Na,QUO53813,SCI00213
ORD69342,2022-06-05,OST00214,2022-07-05,Na,QUO45901,SCI00214
ORD54759,2022-01-15,OST00215,2022-02-15,Na,QUO85886,SCI00215
ORD04763,2023-02-12,OST00216,2023-03-12,Na,QUO35175,SCI00216
ORD83950,2022-05-14,OST00217,2022-06-14,Na,QUO53455,SCI00217
ORD44941,2022-04-10,OST00218,2022-05-10,Na,QUO95643,SCI00218
ORD56056,2021-02-25,OST00219,2021-03-25,Na,QUO99579,SCI00219
ORD07977,2022-02-04,OST00220,2022-03-04,Na,QUO85097,SCI00220
ORD91731,2020-11-28,OST00221,2020-12-28,2021-01-28,QUO57073,SCI00221
ORD80194,2021-02-23,OST00222,2021-03-23,2021-04-23,QUO99558,SCI00222
ORD06725,2020-05-08,OST00223,2020-06-08,Na,QUO89211,SCI00223
ORD03810,2022-03-09,OST00224,2022-04-09,Na,QUO50712,SCI00224
ORD98833,2022-10-02,OST00225,2022-11-02,Na,QUO24453,SCI00225
ORD19010,2021-04-09,OST00226,2021-05-09,Na,QUO86512,SCI00226
ORD06941,2022-12-14,OST00227,2023-01-14,Na,QUO42988,SCI00227
ORD69351,2021-07-30,OST00228,2021-08-30,2021-09-30,QUO28250,SCI00228
ORD37013,2021-10-29,OST00229,2021-11-29,Na,QUO23173,SCI00229
ORD68294,2021-10-26,OST00230,2021-11-26,Na,QUO83059,SCI00230
ORD60649,2023-02-20,OST00231,2023-03-20,Na,QUO32629,SCI00231
ORD79132,2022-08-15,OST00232,2022-09-15,2022-10-15,QUO31670,SCI00232
ORD12913,2021-11-26,OST00233,2021-12-26,2022-01-26,QUO52042,SCI00233
ORD42032,2022-03-10,OST00234,2022-04-10,Na,QUO54917,SCI00234
ORD72825,2021-02-23,OST00235,2021-03-23,Na,QUO98331,SCI00235
ORD49301,2023-03-05,OST00236,2023-04-05,2023-05-05,QUO09568,SCI00236
ORD85665,2022-06-19,OST00237,2022-07-19,2022-08-19,QUO75939,SCI00237
ORD42946,2020-07-02,OST00238,2020-08-02,Na,QUO60036,SCI00238
ORD29851,2022-05-19,OST00239,2022-06-19,Na,QUO44189,SCI00239
ORD72349,2021-12-29,OST00240,2022-01-29,Na,QUO98799,SCI00240
ORD35891,2022-04-18,OST00241,2022-05-18,2022-06-18,QUO38196,SCI00241
ORD85052,2022-11-23,OST00242,2022-12-23,Na,QUO24552,SCI00242
ORD62220,2022-09-29,OST00243,2022-10-29,Na,QUO54059,SCI00243
ORD98149,2022-01-06,OST00244,2022-02-06,2022-03-06,QUO89419,SCI00244
ORD59051,2020-11-08,OST00245,2020-12-08,2021-01-08,QUO57315,SCI00245
ORD15246,2021-07-12,OST00246,2021-08-12,Na,QUO76762,SCI00246
ORD77571,2023-03-11,OST00247,2023-04-11,2023-05-11,QUO78625,SCI00247
ORD34013,2022-06-30,OST00248,2022-07-30,Na,QUO26225,SCI00248
ORD15666,2022-10-02,OST00249,2022-11-02,Na,QUO19951,SCI00249
ORD47587,2020-10-03,OST00250,2020-11-03,2020-12-03,QUO05552,SCI00250
ORD16051,2020-10-23,OST00251,2020-11-23,Na,QUO93462,SCI00251
ORD59146,2022-12-11,OST00252,2023-01-11,2023-02-11,QUO66124,SCI00252
ORD82456,2021-08-04,OST00253,2021-09-04,2021-10-04,QUO43947,SCI00253
ORD73552,2021-04-14,OST00254,2021-05-14,Na,QUO72540,SCI00254
ORD80075,2020-06-14,OST00255,2020-07-14,Na,QUO78432,SCI00255
ORD09699,2021-10-12,OST00256,2021-11-12,2021-12-12,QUO50606,SCI00256
ORD80832,2022-05-25,OST00257,2022-06-25,2022-07-25,QUO61683,SCI00257
ORD51004,2022-01-15,OST00258,2022-02-15,Na,QUO65049,SCI00258
ORD40740,2022-08-17,OST00259,2022-09-17,Na,QUO70337,SCI00259
ORD38385,2022-05-14,OST00260,2022-06-14,2022-07-14,QUO05175,SCI00260
ORD99609,2022-04-11,OST00261,2022-05-11,Na,QUO12473,SCI00261
ORD61679,2020-08-11,OST00262,2020-09-11,2020-10-11,QUO72035,SCI00262
ORD47573,2023-03-29,OST00263,2023-04-29,2023-05-29,QUO52246,SCI00263
ORD89927,2020-09-16,OST00264,2020-10-16,Na,QUO31877,SCI00264
ORD32368,2021-06-14,OST00265,2021-07-14,Na,QUO93697,SCI00265
ORD05360,2021-12-01,OST00266,2022-01-01,Na,QUO03673,SCI00266
ORD34024,2023-02-20,OST00267,2023-03-20,Na,QUO42930,SCI00267
ORD90779,2022-12-09,OST00268,2023-01-09,Na,QUO86984,SCI00268
ORD42987,2020-07-23,OST00269,2020-08-23,2020-09-23,QUO88817,SCI00269
ORD79221,2022-04-13,OST00270,2022-05-13,2022-06-13,QUO99283,SCI00270
ORD09742,2021-10-16,OST00271,2021-11-16,Na,QUO70709,SCI00271
ORD29459,2022-08-05,OST00272,2022-09-05,Na,QUO18957,SCI00272
ORD39725,2022-02-20,OST00273,2022-03-20,2022-04-20,QUO66293,SCI00273
ORD24151,2021-10-29,OST00274,2021-11-29,Na,QUO49408,SCI00274
ORD35837,2022-06-10,OST00275,2022-07-10,2022-08-10,QUO77792,SCI00275
ORD79830,2022-04-11,OST00276,2022-05-11,Na,QUO05719,SCI00276
ORD99005,2022-09-13,OST00277,2022-10-13,2022-11-13,QUO09770,SCI00277
ORD35035,2021-04-05,OST00278,2021-05-05,2021-06-05,QUO10430,SCI00278
ORD00680,2022-01-02,OST00279,2022-02-02,Na,QUO74101,SCI00279
ORD21947,2020-05-13,OST00280,2020-06-13,Na,QUO56208,SCI00280
ORD37672,2020-04-01,OST00281,2020-05-01,Na,QUO15384,SCI00281
ORD79513,2022-01-05,OST00282,2022-02-05,2022-03-05,QUO83643,SCI00282
ORD68543,2022-04-10,OST00283,2022-05-10,2022-06-10,QUO34524,SCI00283
ORD90283,2020-09-07,OST00284,2020-10-07,2020-11-07,QUO16533,SCI00284
ORD81830,2021-04-11,OST00285,2021-05-11,Na,QUO86269,SCI00285
ORD94572,2022-02-20,OST00286,2022-03-20,2022-04-20,QUO03494,SCI00286
ORD09358,2021-01-26,OST00287,2021-02-26,Na,QUO00709,SCI00287
ORD16975,2022-08-14,OST00288,2022-09-14,Na,QUO85109,SCI00288
ORD42567,2021-12-29,OST00289,2022-01-29,2022-02-28,QUO59308,SCI00289
ORD66925,2021-01-17,OST00290,2021-02-17,Na,QUO37196,SCI00290
ORD35411,2021-04-06,OST00291,2021-05-06,Na,QUO65068,SCI00291
ORD48245,2022-09-15,OST00292,2022-10-15,2022-11-15,QUO56909,SCI00292
ORD83961,2020-04-19,OST00293,2020-05-19,2020-06-19,QUO84026,SCI00293
ORD89171,2020-04-04,OST00294,2020-05-04,Na,QUO81817,SCI00294
ORD40131,2021-01-15,OST00295,2021-02-15,Na,QUO29021,SCI00295
ORD78109,2023-03-12,OST00296,2023-04-12,Na,QUO39331,SCI00296
ORD53818,2020-08-24,OST00297,2020-09-24,Na,QUO73967,SCI00297
ORD69883,2020-04-16,OST00298,2020-05-16,Na,QUO38649,SCI00298
ORD49340,2021-02-23,OST00299,2021-03-23,Na,QUO93994,SCI00299
ORD99108,2022-02-03,OST00300,2022-03-03,Na,QUO36922,SCI00300
ORD96535,2020-10-06,OST00301,2020-11-06,Na,QUO93475,SCI00301
ORD99503,2022-02-19,OST00302,2022-03-19,2022-04-19,QUO59350,SCI00302
ORD21844,2022-04-28,OST00303,2022-05-28,Na,QUO43752,SCI00303
ORD17542,2022-09-09,OST00304,2022-10-09,2022-11-09,QUO36727,SCI00304
ORD49140,2022-01-30,OST00305,2022-02-28,Na,QUO12708,SCI00305
ORD42381,2020-11-30,OST00306,2020-12-30,2021-01-30,QUO92263,SCI00306
ORD70622,2022-02-20,OST00307,2022-03-20,Na,QUO00756,SCI00307
ORD96525,2020-09-07,OST00308,2020-10-07,Na,QUO08346,SCI00308
ORD80767,2021-05-27,OST00309,2021-06-27,Na,QUO68974,SCI00309
ORD49371,2020-09-11,OST00310,2020-10-11,2020-11-11,QUO89997,SCI00310
ORD57050,2020-04-25,OST00311,2020-05-25,Na,QUO45341,SCI00311
ORD64182,2021-10-01,OST00312,2021-11-01,Na,QUO83446,SCI00312
ORD23429,2023-02-23,OST00313,2023-03-23,2023-04-23,QUO29165,SCI00313
ORD60968,2022-06-01,OST00314,2022-07-01,2022-08-01,QUO80940,SCI00314
ORD42190,2022-04-12,OST00315,2022-05-12,Na,QUO25986,SCI00315
ORD08118,2022-01-12,OST00316,2022-02-12,Na,QUO37222,SCI00316
ORD47352,2023-03-05,OST00317,2023-04-05,Na,QUO72361,SCI00317
ORD28155,2020-07-16,OST00318,2020-08-16,2020-09-16,QUO76096,SCI00318
ORD94640,2021-04-06,OST00319,2021-05-06,Na,QUO39612,SCI00319
ORD51861,2020-05-15,OST00320,2020-06-15,Na,QUO54708,SCI00320
ORD15704,2021-09-12,OST00321,2021-10-12,Na,QUO82550,SCI00321
ORD75954,2020-04-04,OST00322,2020-05-04,2020-06-04,QUO44785,SCI00322
ORD51500,2022-05-24,OST00323,2022-06-24,Na,QUO12990,SCI00323
ORD36542,2022-03-31,OST00324,2022-04-30,2022-05-31,QUO48645,SCI00324
ORD59204,2021-08-29,OST00325,2021-09-29,Na,QUO17056,SCI00325
ORD47816,2020-12-27,OST00326,2021-01-27,2021-02-27,QUO85841,SCI00326
ORD55544,2022-11-25,OST00327,2022-12-25,Na,QUO75562,SCI00327
ORD18025,2021-02-25,OST00328,2021-03-25,2021-04-25,QUO37429,SCI00328
ORD60647,2022-04-28,OST00329,2022-05-28,2022-06-28,QUO09784,SCI00329
ORD02160,2021-08-30,OST00330,2021-09-30,Na,QUO32831,SCI00330
ORD31808,2022-12-13,OST00331,2023-01-13,Na,QUO46896,SCI00331
ORD03828,2021-10-14,OST00332,2021-11-14,Na,QUO32642,SCI00332
ORD70163,2022-01-07,OST00333,2022-02-07,Na,QUO78617,SCI00333
ORD77990,2020-06-09,OST00334,2020-07-09,Na,QUO84045,SCI00334
ORD94767,2020-04-03,OST00335,2020-05-03,2020-06-03,QUO01736,SCI00335
ORD32115,2023-02-05,OST00336,2023-03-05,Na,QUO30451,SCI00336
ORD87621,2022-06-01,OST00337,2022-07-01,Na,QUO35957,SCI00337
ORD44590,2022-10-20,OST00338,2022-11-20,2022-12-20,QUO79581,SCI00338
ORD29693,2020-12-27,OST00339,2021-01-27,Na,QUO72050,SCI00339
ORD72272,2021-11-28,OST00340,2021-12-28,Na,QUO06380,SCI00340
ORD15750,2020-05-08,OST00341,2020-06-08,Na,QUO15096,SCI00341
ORD74924,2021-12-19,OST00342,2022-01-19,2022-02-19,QUO14116,SCI00342
ORD57899,2022-08-02,OST00343,2022-09-02,Na,QUO46213,SCI00343
ORD41741,2022-01-12,OST00344,2022-02-12,2022-03-12,QUO00115,SCI00344
ORD92732,2022-04-13,OST00345,2022-05-13,Na,QUO99724,SCI00345
ORD90549,2022-11-04,OST00346,2022-12-04,Na,QUO98697,SCI00346
ORD07315,2020-08-22,OST00347,2020-09-22,Na,QUO09960,SCI00347
ORD39078,2023-02-05,OST00348,2023-03-05,2023-04-05,QUO62586,SCI00348
ORD49820,2020-06-30,OST00349,2020-07-30,Na,QUO54112,SCI00349
ORD79039,2022-05-14,OST00350,2022-06-14,Na,QUO46554,SCI00350
ORD75493,2020-09-07,OST00351,2020-10-07,Na,QUO79261,SCI00351
ORD66445,2022-01-24,OST00352,2022-02-24,Na,QUO53302,SCI00352
ORD01588,2020-10-09,OST00353,2020-11-09,Na,QUO94986,SCI00353
ORD93256,2020-10-06,OST00354,2020-11-06,Na,QUO51868,SCI00354
ORD31850,2023-03-02,OST00355,2023-04-02,2023-05-02,QUO68303,SCI00355
ORD53238,2021-11-17,OST00356,2021-12-17,2022-01-17,QUO03075,SCI00356
ORD72834,2022-07-09,OST00357,2022-08-09,Na,QUO18511,SCI00357
ORD54298,2020-11-30,OST00358,2020-12-30,Na,QUO98567,SCI00358
ORD06162,2021-04-11,OST00359,2021-05-11,Na,QUO37208,SCI00359
ORD62344,2022-02-02,OST00360,2022-03-02,2022-04-02,QUO05309,SCI00360
ORD54865,2022-11-23,OST00361,2022-12-23,Na,QUO36557,SCI00361
ORD45033,2023-03-10,OST00362,2023-04-10,Na,QUO85264,SCI00362
ORD55999,2023-01-06,OST00363,2023-02-06,Na,QUO23943,SCI00363
ORD86345,2023-02-05,OST00364,2023-03-05,Na,QUO83068,SCI00364
ORD49959,2020-06-09,OST00365,2020-07-09,Na,QUO87914,SCI00365
ORD85134,2021-12-29,OST00366,2022-01-29,2022-02-28,QUO09090,SCI00366
ORD89424,2022-08-15,OST00367,2022-09-15,2022-10-15,QUO85440,SCI00367
ORD69086,2022-10-22,OST00368,2022-11-22,2022-12-22,QUO44246,SCI00368
ORD72487,2023-01-22,OST00369,2023-02-22,Na,QUO67060,SCI00369
ORD24074,2022-09-01,OST00370,2022-10-01,Na,QUO27858,SCI00370
ORD57549,2022-03-14,OST00371,2022-04-14,Na,QUO52103,SCI00371
ORD06458,2021-06-12,OST00372,2021-07-12,Na,QUO23108,SCI00372
ORD03512,2021-12-29,OST00373,2022-01-29,2022-02-28,QUO05641,SCI00373
ORD93546,2020-11-08,OST00374,2020-12-08,Na,QUO74577,SCI00374
ORD07897,2021-01-05,OST00375,2021-02-05,Na,QUO96250,SCI00375
ORD35320,2020-05-22,OST00376,2020-06-22,2020-07-22,QUO40501,SCI00376
ORD76930,2020-06-19,OST00377,2020-07-19,Na,QUO63986,SCI00377
ORD98690,2020-06-30,OST00378,2020-07-30,Na,QUO87690,SCI00378
ORD15290,2022-05-19,OST00379,2022-06-19,2022-07-19,QUO46832,SCI00379
ORD30493,2023-02-24,OST00380,2023-03-24,Na,QUO54466,SCI00380
ORD14013,2020-06-28,OST00381,2020-07-28,Na,QUO48745,SCI00381
ORD28224,2021-03-11,OST00382,2021-04-11,2021-05-11,QUO07894,SCI00382
ORD68765,2020-09-07,OST00383,2020-10-07,Na,QUO95015,SCI00383
ORD47375,2021-06-12,OST00384,2021-07-12,2021-08-12,QUO07044,SCI00384
ORD55907,2020-04-03,OST00385,2020-05-03,2020-06-03,QUO80387,SCI00385
ORD19196,2022-05-19,OST00386,2022-06-19,2022-07-19,QUO51426,SCI00386
ORD83916,2020-10-23,OST00387,2020-11-23,Na,QUO51787,SCI00387
ORD80419,2022-03-09,OST00388,2022-04-09,Na,QUO54851,SCI00388
ORD19114,2022-12-09,OST00389,2023-01-09,Na,QUO76741,SCI00389
ORD24045,2020-11-07,OST00390,2020-12-07,Na,QUO96712,SCI00390
ORD48841,2020-04-22,OST00391,2020-05-22,2020-06-22,QUO51257,SCI00391
ORD37786,2020-09-12,OST00392,2020-10-12,Na,QUO33987,SCI00392
ORD95461,2022-04-08,OST00393,2022-05-08,Na,QUO35519,SCI00393
ORD90079,2020-11-08,OST00394,2020-12-08,Na,QUO64020,SCI00394
ORD20076,2021-09-16,OST00395,2021-10-16,Na,QUO95319,SCI00395
ORD41391,2022-11-21,OST00396,2022-12-21,Na,QUO67899,SCI00396
ORD06951,2022-10-20,OST00397,2022-11-20,Na,QUO83725,SCI00397
ORD56321,2022-08-02,OST00398,2022-09-02,2022-10-02,QUO15515,SCI00398
ORD32145,2022-01-24,OST00399,2022-02-24,Na,QUO23630,SCI00399
ORD99463,2021-08-01,OST00400,2021-09-01,Na,QUO25158,SCI00400
ORD49393,2021-03-07,OST00401,2021-04-07,Na,QUO06797,SCI00401
ORD13712,2020-07-27,OST00402,2020-08-27,2020-09-27,QUO87854,SCI00402
ORD39216,2020-05-29,OST00403,2020-06-29,2020-07-29,QUO70207,SCI00403
ORD59113,2021-07-24,OST00404,2021-08-24,Na,QUO35638,SCI00404
ORD73370,2022-04-08,OST00405,2022-05-08,2022-06-08,QUO49625,SCI00405
ORD59085,2021-08-14,OST00406,2021-09-14,2021-10-14,QUO03388,SCI00406
ORD39023,2021-05-27,OST00407,2021-06-27,Na,QUO18071,SCI00407
ORD53309,2021-10-29,OST00408,2021-11-29,Na,QUO51979,SCI00408
ORD46966,2022-08-29,OST00409,2022-09-29,Na,QUO95967,SCI00409
ORD72124,2020-05-03,OST00410,2020-06-03,Na,QUO04190,SCI00410
ORD71892,2020-05-15,OST00411,2020-06-15,2020-07-15,QUO32252,SCI00411
ORD16739,2023-03-28,OST00412,2023-04-28,2023-05-28,QUO89253,SCI00412
ORD93678,2022-09-01,OST00413,2022-10-01,2022-11-01,QUO11683,SCI00413
ORD15433,2021-11-26,OST00414,2021-12-26,Na,QUO99425,SCI00414
ORD64446,2020-06-12,OST00415,2020-07-12,2020-08-12,QUO53345,SCI00415
ORD16358,2022-08-15,OST00416,2022-09-15,Na,QUO15957,SCI00416
ORD57617,2021-12-24,OST00417,2022-01-24,Na,QUO50252,SCI00417
ORD00647,2022-07-09,OST00418,2022-08-09,Na,QUO30764,SCI00418
ORD84156,2020-11-23,OST00419,2020-12-23,Na,QUO03688,SCI00419
ORD67027,2021-12-22,OST00420,2022-01-22,Na,QUO78880,SCI00420
ORD05242,2022-11-04,OST00421,2022-12-04,Na,QUO97016,SCI00421
ORD19828,2021-11-30,OST00422,2021-12-30,2022-01-30,QUO26525,SCI00422
ORD81940,2020-10-03,OST00423,2020-11-03,Na,QUO22121,SCI00423
ORD37974,2022-03-05,OST00424,2022-04-05,Na,QUO64324,SCI00424
ORD31492,2021-09-09,OST00425,2021-10-09,2021-11-09,QUO32988,SCI00425
ORD61420,2023-01-28,OST00426,2023-02-28,2023-03-28,QUO38883,SCI00426
ORD22656,2022-10-20,OST00427,2022-11-20,Na,QUO05570,SCI00427
ORD68080,2020-08-24,OST00428,2020-09-24,Na,QUO06185,SCI00428
ORD34405,2021-08-01,OST00429,2021-09-01,Na,QUO45325,SCI00429
ORD49399,2022-10-19,OST00430,2022-11-19,Na,QUO57854,SCI00430
ORD07649,2022-01-11,OST00431,2022-02-11,Na,QUO69634,SCI00431
ORD62422,2020-07-15,OST00432,2020-08-15,Na,QUO83271,SCI00432
ORD55734,2020-05-11,OST00433,2020-06-11,Na,QUO68357,SCI00433
ORD21907,2023-02-23,OST00434,2023-03-23,Na,QUO60848,SCI00434
ORD70457,2023-03-13,OST00435,2023-04-13,Na,QUO71238,SCI00435
ORD48458,2023-03-15,OST00436,2023-04-15,Na,QUO33629,SCI00436
ORD19042,2022-04-10,OST00437,2022-05-10,Na,QUO52635,SCI00437
ORD42857,2021-08-26,OST00438,2021-09-26,2021-10-26,QUO08614,SCI00438
ORD27543,2022-07-22,OST00439,2022-08-22,2022-09-22,QUO04756,SCI00439
ORD25217,2023-01-06,OST00440,2023-02-06,Na,QUO00127,SCI00440
ORD19130,2022-09-25,OST00441,2022-10-25,Na,QUO03992,SCI00441
ORD23480,2020-10-30,OST00442,2020-11-30,2020-12-30,QUO50843,SCI00442
ORD66847,2023-03-02,OST00443,2023-04-02,Na,QUO24623,SCI00443
ORD36918,2022-08-05,OST00444,2022-09-05,Na,QUO86686,SCI00444
ORD89735,2022-10-02,OST00445,2022-11-02,Na,QUO14179,SCI00445
ORD71350,2022-03-29,OST00446,2022-04-29,Na,QUO10099,SCI00446
ORD06078,2021-02-24,OST00447,2021-03-24,Na,QUO77113,SCI00447
ORD43697,2021-10-04,OST00448,2021-11-04,Na,QUO81826,SCI00448
ORD28450,2022-06-05,OST00449,2022-07-05,Na,QUO79000,SCI00449
ORD63069,2022-12-19,OST00450,2023-01-19,2023-02-19,QUO28869,SCI00450
ORD73293,2022-11-21,OST00451,2022-12-21,2023-01-21,QUO84339,SCI00451
ORD04837,2022-08-17,OST00452,2022-09-17,Na,QUO68774,SCI00452
ORD96840,2022-06-30,OST00453,2022-07-30,2022-08-30,QUO01194,SCI00453
ORD64687,2022-04-11,OST00454,2022-05-11,2022-06-11,QUO99295,SCI00454
ORD14686,2020-04-02,OST00455,2020-05-02,2020-06-02,QUO71470,SCI00455
ORD30396,2022-12-28,OST00456,2023-01-28,Na,QUO08006,SCI00456
ORD17357,2022-06-17,OST00457,2022-07-17,Na,QUO14520,SCI00457
ORD50967,2022-04-11,OST00458,2022-05-11,2022-06-11,QUO73800,SCI00458
ORD53761,2022-02-05,OST00459,2022-03-05,Na,QUO83306,SCI00459
ORD66585,2022-11-04,OST00460,2022-12-04,2023-01-04,QUO76145,SCI00460
ORD13061,2022-07-09,OST00461,2022-08-09,Na,QUO38208,SCI00461
ORD16492,2020-10-03,OST00462,2020-11-03,Na,QUO03379,SCI00462
ORD42037,2022-08-14,OST00463,2022-09-14,2022-10-14,QUO09406,SCI00463
ORD97574,2021-12-14,OST00464,2022-01-14,Na,QUO59845,SCI00464
ORD12134,2021-04-05,OST00465,2021-05-05,Na,QUO54002,SCI00465
ORD52174,2021-06-14,OST00466,2021-07-14,2021-08-14,QUO57036,SCI00466
ORD04167,2022-11-01,OST00467,2022-12-01,Na,QUO82310,SCI00467
ORD40889,2020-04-04,OST00468,2020-05-04,2020-06-04,QUO70961,SCI00468
ORD34578,2021-02-22,OST00469,2021-03-22,Na,QUO68742,SCI00469
ORD69620,2020-07-27,OST00470,2020-08-27,2020-09-27,QUO63794,SCI00470
ORD11217,2021-12-22,OST00471,2022-01-22,2022-02-22,QUO76904,SCI00471
ORD70365,2022-01-07,OST00472,2022-02-07,Na,QUO36736,SCI00472
ORD99625,2021-09-16,OST00473,2021-10-16,Na,QUO28004,SCI00473
ORD60941,2022-01-24,OST00474,2022-02-24,Na,QUO32677,SCI00474
ORD96645,2022-02-26,OST00475,2022-03-26,Na,QUO11080,SCI00475
ORD65403,2020-10-03,OST00476,2020-11-03,Na,QUO22121,SCI00476
ORD05259,2021-03-01,OST00477,2021-04-01,Na,QUO84200,SCI00477
ORD77213,2023-02-05,OST00478,2023-03-05,2023-04-05,QUO75722,SCI00478
ORD14741,2022-10-31,OST00479,2022-11-30,2022-12-31,QUO93282,SCI00479
ORD58933,2021-08-22,OST00480,2021-09-22,Na,QUO48225,SCI00480
ORD85252,2023-01-06,OST00481,2023-02-06,2023-03-06,QUO11471,SCI00481
ORD47054,2022-10-16,OST00482,2022-11-16,2022-12-16,QUO39296,SCI00482
ORD80050,2022-08-06,OST00483,2022-09-06,Na,QUO82987,SCI00483
ORD28910,2022-11-09,OST00484,2022-12-09,Na,QUO27544,SCI00484
ORD03213,2022-06-14,OST00485,2022-07-14,Na,QUO34975,SCI00485
ORD57853,2021-01-18,OST00486,2021-02-18,Na,QUO87202,SCI00486
ORD83147,2023-01-16,OST00487,2023-02-16,2023-03-16,QUO85102,SCI00487
ORD22994,2020-05-11,OST00488,2020-06-11,2020-07-11,QUO62656,SCI00488
ORD15927,2023-02-25,OST00489,2023-03-25,Na,QUO43654,SCI00489
ORD61623,2021-01-09,OST00490,2021-02-09,Na,QUO13479,SCI00490
ORD96119,2020-07-13,OST00491,2020-08-13,2020-09-13,QUO33404,SCI00491
ORD96987,2021-03-07,OST00492,2021-04-07,2021-05-07,QUO65518,SCI00492
ORD88152,2022-06-19,OST00493,2022-07-19,Na,QUO69378,SCI00493
ORD13390,2022-07-01,OST00494,2022-08-01,2022-09-01,QUO35061,SCI00494
ORD18914,2022-02-04,OST00495,2022-03-04,2022-04-04,QUO16126,SCI00495
ORD89687,2021-12-25,OST00496,2022-01-25,2022-02-25,QUO08080,SCI00496
ORD56614,2021-04-08,OST00497,2021-05-08,Na,QUO00120,SCI00497
ORD06781,2021-11-28,OST00498,2021-12-28,Na,QUO95951,SCI00498
ORD31317,2022-03-02,OST00499,2022-04-02,2022-05-02,QUO75812,SCI00499
ORD80162,2022-11-25,OST00500,2022-12-25,2023-01-25,QUO95981,SCI00500
ORD05915,2021-12-14,OST00501,2022-01-14,Na,QUO90957,SCI00501
ORD39560,2021-10-16,OST00502,2021-11-16,Na,QUO16430,SCI00502
ORD46872,2020-10-19,OST00503,2020-11-19,2020-12-19,QUO73532,SCI00503
ORD75031,2021-03-01,OST00504,2021-04-01,Na,QUO97142,SCI00504
ORD88591,2022-11-04,OST00505,2022-12-04,Na,QUO47133,SCI00505
ORD67333,2020-08-21,OST00506,2020-09-21,Na,QUO23376,SCI00506
ORD42469,2022-05-19,OST00507,2022-06-19,2022-07-19,QUO17529,SCI00507
ORD20550,2022-05-14,OST00508,2022-06-14,Na,QUO28746,SCI00508
ORD68872,2020-04-20,OST00509,2020-05-20,Na,QUO80080,SCI00509
ORD11590,2021-04-09,OST00510,2021-05-09,Na,QUO44481,SCI00510
ORD91082,2021-04-04,OST00511,2021-05-04,Na,QUO01008,SCI00511
ORD54080,2021-11-01,OST00512,2021-12-01,2022-01-01,QUO51429,SCI00512
ORD51992,2021-09-29,OST00513,2021-10-29,2021-11-29,QUO14515,SCI00513
ORD11605,2021-11-07,OST00514,2021-12-07,Na,QUO95097,SCI00514
ORD34412,2021-12-29,OST00515,2022-01-29,Na,QUO48287,SCI00515
ORD18837,2022-07-13,OST00516,2022-08-13,2022-09-13,QUO02963,SCI00516
ORD35756,2020-06-20,OST00517,2020-07-20,Na,QUO54558,SCI00517
ORD12759,2020-07-16,OST00518,2020-08-16,2020-09-16,QUO27313,SCI00518
ORD12332,2020-12-18,OST00519,2021-01-18,2021-02-18,QUO84868,SCI00519
ORD20429,2021-04-28,OST00520,2021-05-28,Na,QUO66721,SCI00520
ORD69681,2022-12-11,OST00521,2023-01-11,2023-02-11,QUO43483,SCI00521
ORD95743,2020-12-19,OST00522,2021-01-19,Na,QUO31418,SCI00522
ORD80366,2022-08-15,OST00523,2022-09-15,2022-10-15,QUO52515,SCI00523
ORD33568,2020-04-16,OST00524,2020-05-16,Na,QUO32564,SCI00524
ORD48105,2022-07-21,OST00525,2022-08-21,Na,QUO89163,SCI00525
ORD79461,2020-05-10,OST00526,2020-06-10,Na,QUO16129,SCI00526
ORD33096,2022-01-05,OST00527,2022-02-05,2022-03-05,QUO00191,SCI00527
ORD71295,2023-02-23,OST00528,2023-03-23,2023-04-23,QUO44450,SCI00528
ORD82921,2023-03-29,OST00529,2023-04-29,Na,QUO87822,SCI00529
ORD41534,2022-05-07,OST00530,2022-06-07,Na,QUO69062,SCI00530
ORD17787,2021-04-11,OST00531,2021-05-11,Na,QUO45507,SCI00531
ORD77855,2020-05-22,OST00532,2020-06-22,Na,QUO80103,SCI00532
ORD80308,2022-04-10,OST00533,2022-05-10,2022-06-10,QUO01991,SCI00533
ORD65158,2021-02-22,OST00534,2021-03-22,2021-04-22,QUO68736,SCI00534
ORD69218,2023-02-03,OST00535,2023-03-03,Na,QUO17368,SCI00535
ORD59254,2021-04-28,OST00536,2021-05-28,Na,QUO03265,SCI00536
ORD49739,2020-09-30,OST00537,2020-10-30,Na,QUO55044,SCI00537
ORD40946,2020-06-01,OST00538,2020-07-01,2020-08-01,QUO18242,SCI00538
ORD09535,2020-10-09,OST00539,2020-11-09,Na,QUO04588,SCI00539
ORD72639,2023-01-30,OST00540,2023-02-28,Na,QUO09553,SCI00540
ORD70268,2020-06-26,OST00541,2020-07-26,2020-08-26,QUO61481,SCI00541
ORD37605,2021-12-20,OST00542,2022-01-20,Na,QUO39891,SCI00542
ORD06478,2021-04-10,OST00543,2021-05-10,Na,QUO95515,SCI00543
ORD10259,2020-06-20,OST00544,2020-07-20,Na,QUO03320,SCI00544
ORD74845,2021-10-05,OST00545,2021-11-05,Na,QUO18709,SCI00545
ORD79620,2021-08-30,OST00546,2021-09-30,Na,QUO32831,SCI00546
ORD06264,2021-01-01,OST00547,2021-02-01,Na,QUO31929,SCI00547
ORD06399,2022-03-29,OST00548,2022-04-29,Na,QUO36774,SCI00548
ORD79395,2022-05-19,OST00549,2022-06-19,2022-07-19,QUO46768,SCI00549
ORD83040,2020-08-22,OST00550,2020-09-22,2020-10-22,QUO27122,SCI00550
ORD68324,2022-05-26,OST00551,2022-06-26,Na,QUO34500,SCI00551
ORD75043,2020-07-16,OST00552,2020-08-16,Na,QUO97123,SCI00552
ORD90349,2022-06-13,OST00553,2022-07-13,Na,QUO70515,SCI00553
ORD28371,2022-05-14,OST00554,2022-06-14,2022-07-14,QUO13468,SCI00554
ORD27722,2021-04-28,OST00555,2021-05-28,Na,QUO25684,SCI00555
ORD16268,2021-01-09,OST00556,2021-02-09,2021-03-09,QUO86495,SCI00556
ORD98320,2022-04-11,OST00557,2022-05-11,Na,QUO61310,SCI00557
ORD64205,2022-11-23,OST00558,2022-12-23,2023-01-23,QUO80641,SCI00558
ORD94558,2020-11-28,OST00559,2020-12-28,2021-01-28,QUO28076,SCI00559
ORD93043,2022-05-14,OST00560,2022-06-14,2022-07-14,QUO47777,SCI00560
ORD27201,2021-12-14,OST00561,2022-01-14,2022-02-14,QUO14641,SCI00561
ORD83879,2020-08-24,OST00562,2020-09-24,2020-10-24,QUO67862,SCI00562
ORD69560,2022-03-20,OST00563,2022-04-20,Na,QUO71918,SCI00563
ORD44358,2022-03-03,OST00564,2022-04-03,Na,QUO86340,SCI00564
ORD12909,2022-05-25,OST00565,2022-06-25,Na,QUO23089,SCI00565
ORD53926,2021-07-08,OST00566,2021-08-08,Na,QUO92339,SCI00566
ORD46363,2022-04-28,OST00567,2022-05-28,2022-06-28,QUO48301,SCI00567
ORD91871,2021-09-03,OST00568,2021-10-03,Na,QUO90323,SCI00568
ORD02391,2022-04-10,OST00569,2022-05-10,2022-06-10,QUO30654,SCI00569
ORD62754,2021-10-08,OST00570,2021-11-08,Na,QUO49472,SCI00570
ORD36396,2021-08-21,OST00571,2021-09-21,2021-10-21,QUO15898,SCI00571
ORD61865,2022-05-08,OST00572,2022-06-08,Na,QUO40783,SCI00572
ORD89167,2021-04-19,OST00573,2021-05-19,Na,QUO99177,SCI00573
ORD53294,2021-12-01,OST00574,2022-01-01,2022-02-01,QUO29772,SCI00574
ORD50137,2021-12-29,OST00575,2022-01-29,Na,QUO33270,SCI00575
ORD78269,2021-05-05,OST00576,2021-06-05,2021-07-05,QUO09085,SCI00576
ORD97492,2022-08-02,OST00577,2022-09-02,Na,QUO73808,SCI00577
ORD77600,2021-08-04,OST00578,2021-09-04,2021-10-04,QUO05590,SCI00578
ORD67504,2021-08-14,OST00579,2021-09-14,2021-10-14,QUO71967,SCI00579
ORD09990,2021-07-24,OST00580,2021-08-24,Na,QUO93037,SCI00580
ORD58012,2023-03-11,OST00581,2023-04-11,2023-05-11,QUO99672,SCI00581
ORD53986,2022-12-13,OST00582,2023-01-13,Na,QUO51558,SCI00582
ORD39101,2022-02-03,OST00583,2022-03-03,Na,QUO79896,SCI00583
ORD55187,2021-12-04,OST00584,2022-01-04,Na,QUO68338,SCI00584
ORD34045,2023-01-06,OST00585,2023-02-06,Na,QUO27636,SCI00585
ORD21148,2021-06-12,OST00586,2021-07-12,2021-08-12,QUO60233,SCI00586
ORD51930,2021-04-05,OST00587,2021-05-05,Na,QUO58632,SCI00587
ORD49517,2021-09-12,OST00588,2021-10-12,Na,QUO20360,SCI00588
ORD51838,2021-10-28,OST00589,2021-11-28,Na,QUO97889,SCI00589
ORD69007,2022-10-26,OST00590,2022-11-26,2022-12-26,QUO51100,SCI00590
ORD40686,2021-04-09,OST00591,2021-05-09,Na,QUO63498,SCI00591
ORD22662,2020-11-07,OST00592,2020-12-07,Na,QUO92490,SCI00592
ORD86498,2021-01-25,OST00593,2021-02-25,2021-03-25,QUO42064,SCI00593
ORD23113,2022-10-27,OST00594,2022-11-27,Na,QUO05707,SCI00594
ORD80096,2021-01-17,OST00595,2021-02-17,2021-03-17,QUO52192,SCI00595
ORD29764,2021-10-24,OST00596,2021-11-24,Na,QUO35475,SCI00596
ORD25043,2021-03-22,OST00597,2021-04-22,Na,QUO35708,SCI00597
ORD50323,2020-11-28,OST00598,2020-12-28,Na,QUO23519,SCI00598
ORD93682,2020-10-03,OST00599,2020-11-03,Na,QUO44006,SCI00599
ORD91388,2022-07-25,OST00600,2022-08-25,Na,QUO65228,SCI00600
ORD50380,2022-07-13,OST00601,2022-08-13,Na,QUO22321,SCI00601
ORD79996,2022-05-07,OST00602,2022-06-07,2022-07-07,QUO70176,SCI00602
ORD73892,2022-02-08,OST00603,2022-03-08,2022-04-08,QUO34433,SCI00603
ORD31092,2020-11-29,OST00604,2020-12-29,2021-01-29,QUO81687,SCI00604
ORD42037,2021-12-20,OST00605,2022-01-20,Na,QUO18786,SCI00605
ORD02200,2021-04-05,OST00606,2021-05-05,2021-06-05,QUO07040,SCI00606
ORD69325,2020-12-21,OST00607,2021-01-21,Na,QUO81925,SCI00607
ORD78201,2021-12-04,OST00608,2022-01-04,Na,QUO03498,SCI00608
ORD91543,2022-04-15,OST00609,2022-05-15,2022-06-15,QUO02974,SCI00609
ORD02227,2021-11-01,OST00610,2021-12-01,2022-01-01,QUO07773,SCI00610
ORD72871,2022-02-26,OST00611,2022-03-26,Na,QUO97088,SCI00611
ORD82834,2021-09-12,OST00612,2021-10-12,Na,QUO36479,SCI00612
ORD59484,2020-09-11,OST00613,2020-10-11,Na,QUO42922,SCI00613
ORD23864,2023-02-26,OST00614,2023-03-26,Na,QUO72270,SCI00614
ORD00671,2023-02-05,OST00615,2023-03-05,Na,QUO47793,SCI00615
ORD84747,2023-01-16,OST00616,2023-02-16,2023-03-16,QUO78592,SCI00616
ORD17562,2020-04-22,OST00617,2020-05-22,2020-06-22,QUO27216,SCI00617
ORD88951,2023-02-28,OST00618,2023-03-28,Na,QUO90068,SCI00618
ORD97509,2021-11-07,OST00619,2021-12-07,Na,QUO61483,SCI00619
ORD62249,2022-08-17,OST00620,2022-09-17,Na,QUO44418,SCI00620
ORD19218,2022-06-21,OST00621,2022-07-21,2022-08-21,QUO46324,SCI00621
ORD21990,2021-08-22,OST00622,2021-09-22,Na,QUO56161,SCI00622
ORD38843,2023-02-09,OST00623,2023-03-09,Na,QUO77733,SCI00623
ORD13297,2020-06-03,OST00624,2020-07-03,Na,QUO89948,SCI00624
ORD61558,2022-03-23,OST00625,2022-04-23,Na,QUO02069,SCI00625
ORD57866,2022-01-12,OST00626,2022-02-12,2022-03-12,QUO27674,SCI00626
ORD92852,2022-09-09,OST00627,2022-10-09,Na,QUO72417,SCI00627
ORD50079,2020-04-19,OST00628,2020-05-19,2020-06-19,QUO00488,SCI00628
ORD51947,2020-11-30,OST00629,2020-12-30,Na,QUO93521,SCI00629
ORD05798,2021-08-04,OST00630,2021-09-04,Na,QUO66063,SCI00630
ORD75929,2021-08-14,OST00631,2021-09-14,Na,QUO58006,SCI00631
ORD16219,2021-04-10,OST00632,2021-05-10,Na,QUO36015,SCI00632
ORD16836,2022-06-27,OST00633,2022-07-27,2022-08-27,QUO92563,SCI00633
ORD32669,2021-08-26,OST00634,2021-09-26,Na,QUO45271,SCI00634
ORD18952,2022-04-10,OST00635,2022-05-10,Na,QUO25659,SCI00635
ORD04607,2022-03-02,OST00636,2022-04-02,Na,QUO65140,SCI00636
ORD41445,2021-12-03,OST00637,2022-01-03,Na,QUO24634,SCI00637
ORD96232,2022-03-09,OST00638,2022-04-09,Na,QUO76161,SCI00638
ORD53199,2021-12-25,OST00639,2022-01-25,Na,QUO41761,SCI00639
ORD29433,2022-08-14,OST00640,2022-09-14,2022-10-14,QUO57699,SCI00640
ORD77803,2021-02-24,OST00641,2021-03-24,Na,QUO09986,SCI00641
ORD86348,2022-05-21,OST00642,2022-06-21,Na,QUO91709,SCI00642
ORD20308,2021-07-12,OST00643,2021-08-12,Na,QUO22078,SCI00643
ORD31013,2023-03-16,OST00644,2023-04-16,Na,QUO92844,SCI00644
ORD41094,2021-03-06,OST00645,2021-04-06,2021-05-06,QUO46631,SCI00645
ORD48549,2022-06-06,OST00646,2022-07-06,2022-08-06,QUO94459,SCI00646
ORD06800,2021-07-22,OST00647,2021-08-22,Na,QUO05864,SCI00647
ORD87041,2020-06-30,OST00648,2020-07-30,Na,QUO32851,SCI00648
ORD60746,2022-02-19,OST00649,2022-03-19,2022-04-19,QUO81079,SCI00649
ORD91349,2020-05-13,OST00650,2020-06-13,Na,QUO47579,SCI00650
ORD38819,2022-05-17,OST00651,2022-06-17,2022-07-17,QUO52767,SCI00651
ORD35120,2022-02-20,OST00652,2022-03-20,2022-04-20,QUO18489,SCI00652
ORD04507,2023-02-20,OST00653,2023-03-20,Na,QUO32049,SCI00653
ORD62027,2022-03-14,OST00654,2022-04-14,Na,QUO72887,SCI00654
ORD65063,2021-12-01,OST00655,2022-01-01,2022-02-01,QUO78639,SCI00655
ORD44391,2021-07-11,OST00656,2021-08-11,Na,QUO24685,SCI00656
ORD57405,2023-03-13,OST00657,2023-04-13,Na,QUO30718,SCI00657
ORD96079,2020-06-12,OST00658,2020-07-12,Na,QUO53479,SCI00658
ORD02950,2021-03-12,OST00659,2021-04-12,Na,QUO87051,SCI00659
ORD71213,2020-10-15,OST00660,2020-11-15,Na,QUO79197,SCI00660
ORD57168,2022-05-07,OST00661,2022-06-07,Na,QUO72462,SCI00661
ORD46073,2021-11-28,OST00662,2021-12-28,Na,QUO99405,SCI00662
ORD85847,2023-03-11,OST00663,2023-04-11,Na,QUO94419,SCI00663
ORD25819,2020-09-01,OST00664,2020-10-01,2020-11-01,QUO17468,SCI00664
ORD41744,2021-08-14,OST00665,2021-09-14,Na,QUO98450,SCI00665
ORD76958,2020-04-04,OST00666,2020-05-04,Na,QUO36810,SCI00666
ORD97225,2021-10-12,OST00667,2021-11-12,Na,QUO61709,SCI00667
ORD64801,2022-07-25,OST00668,2022-08-25,2022-09-25,QUO29706,SCI00668
ORD58076,2022-03-16,OST00669,2022-04-16,Na,QUO14968,SCI00669
ORD78697,2022-01-12,OST00670,2022-02-12,Na,QUO18218,SCI00670
ORD64566,2022-08-15,OST00671,2022-09-15,Na,QUO27566,SCI00671
ORD40026,2021-12-20,OST00672,2022-01-20,Na,QUO81042,SCI00672
ORD42674,2022-03-26,OST00673,2022-04-26,2022-05-26,QUO34680,SCI00673
ORD47531,2023-03-29,OST00674,2023-04-29,Na,QUO91183,SCI00674
ORD81771,2020-06-03,OST00675,2020-07-03,Na,QUO13374,SCI00675
ORD39939,2022-10-02,OST00676,2022-11-02,2022-12-02,QUO85448,SCI00676
ORD12708,2020-08-11,OST00677,2020-09-11,Na,QUO05858,SCI00677
ORD02386,2020-10-30,OST00678,2020-11-30,Na,QUO76315,SCI00678
ORD77677,2021-04-05,OST00679,2021-05-05,Na,QUO23993,SCI00679
ORD12821,2021-02-23,OST00680,2021-03-23,Na,QUO06323,SCI00680
ORD13325,2021-12-24,OST00681,2022-01-24,2022-02-24,QUO54947,SCI00681
ORD75225,2023-03-10,OST00682,2023-04-10,Na,QUO83431,SCI00682
ORD61362,2023-01-22,OST00683,2023-02-22,Na,QUO07245,SCI00683
ORD82076,2021-07-24,OST00684,2021-08-24,2021-09-24,QUO39880,SCI00684
ORD86153,2021-12-17,OST00685,2022-01-17,Na,QUO24986,SCI00685
ORD60358,2023-02-25,OST00686,2023-03-25,Na,QUO76579,SCI00686
ORD27412,2021-12-01,OST00687,2022-01-01,2022-02-01,QUO96004,SCI00687
ORD71000,2021-07-12,OST00688,2021-08-12,Na,QUO17366,SCI00688
ORD36128,2021-11-30,OST00689,2021-12-30,Na,QUO31495,SCI00689
ORD54149,2022-01-06,OST00690,2022-02-06,Na,QUO31327,SCI00690
ORD96731,2022-10-02,OST00691,2022-11-02,2022-12-02,QUO52330,SCI00691
ORD69025,2020-05-22,OST00692,2020-06-22,Na,QUO76283,SCI00692
ORD77428,2020-08-08,OST00693,2020-09-08,Na,QUO59733,SCI00693
ORD95028,2020-08-24,OST00694,2020-09-24,Na,QUO14637,SCI00694
ORD34690,2020-09-11,OST00695,2020-10-11,Na,QUO67266,SCI00695
ORD43892,2021-04-04,OST00696,2021-05-04,2021-06-04,QUO28231,SCI00696
ORD44608,2021-06-20,OST00697,2021-07-20,Na,QUO79212,SCI00697
ORD18339,2022-02-04,OST00698,2022-03-04,Na,QUO40766,SCI00698
ORD25259,2020-12-09,OST00699,2021-01-09,Na,QUO08515,SCI00699
ORD64716,2022-12-05,OST00700,2023-01-05,Na,QUO55679,SCI00700
