line_item_id,quote_id,product_id,quantity,unit_price,total_price,warranty_id
LIN10728,QUO22778,PRO41627,18,6332,113976,WAR00001
LIN03926,QUO48546,PRO95982,9,8584,77256,WAR00002
LIN44989,QUO40080,PRO64828,10,8684,86840,WAR00003
LIN35255,QUO67150,PRO03838,2,8952,17904,WAR00004
LIN36969,QUO58665,PRO81999,17,3518,59806,WAR00005
LIN43408,QUO59697,PRO74373,7,7854,54978,WAR00006
LIN50098,QUO47287,PRO75076,10,8325,83250,WAR00007
LIN68380,QUO30650,PRO64828,8,8684,69472,WAR00008
LIN88680,QUO42085,PRO39806,3,7529,22587,WAR00009
LIN28169,QUO18076,PRO67890,18,4880,87840,WAR00010
LIN87416,QUO55504,PRO51045,13,8664,112632,WAR00011
LIN90432,QUO97762,PRO56174,14,9231,129234,WAR00012
LIN17780,QUO92354,PRO39806,9,7529,67761,WAR00013
LIN11924,QUO05616,PRO09500,5,6194,30970,WAR00014
LIN80626,QUO74774,PRO86898,5,9816,49080,WAR00015
LIN41958,QUO67020,PRO57903,17,6074,103258,WAR00016
LIN76966,QUO08235,PRO99910,15,7851,117765,WAR00017
LIN29716,QUO89300,PRO13996,6,9851,59106,WAR00018
LIN68835,QUO57320,PRO04233,3,5775,17325,WAR00019
LIN01332,QUO47673,PRO19301,1,5943,5943,WAR00020
LIN22441,QUO03038,PRO98085,18,9212,165816,WAR00021
LIN20669,QUO87409,PRO64828,4,8684,34736,WAR00022
LIN40164,QUO92836,PRO01485,7,8534,59738,WAR00023
LIN64303,QUO80134,PRO41627,6,6332,37992,WAR00024
LIN66069,QUO08944,PRO46773,15,9613,144195,WAR00025
LIN17496,QUO55608,PRO04233,6,5775,34650,WAR00026
LIN24291,QUO03681,PRO64122,17,4502,76534,WAR00027
LIN84529,QUO31724,PRO56174,14,9231,129234,WAR00028
LIN95432,QUO61663,PRO75076,12,8325,99900,WAR00029
LIN42672,QUO89653,PRO81999,15,3518,52770,WAR00030
LIN62673,QUO43517,PRO29563,9,4923,44307,WAR00031
LIN38660,QUO43741,PRO01485,10,8534,85340,WAR00032
LIN34887,QUO68897,PRO10732,9,9315,83835,WAR00033
LIN35042,QUO15967,PRO57903,5,6074,30370,WAR00034
LIN84711,QUO04879,PRO14992,11,5682,62502,WAR00035
LIN64322,QUO39620,PRO41627,2,6332,12664,WAR00036
LIN19821,QUO57822,PRO64497,6,7892,47352,WAR00037
LIN51856,QUO60496,PRO21215,13,4332,56316,WAR00038
LIN53332,QUO92644,PRO29563,6,4923,29538,WAR00039
LIN59396,QUO17980,PRO64828,7,8684,60788,WAR00040
LIN07941,QUO41481,PRO56174,17,9231,156927,WAR00041
LIN03699,QUO18770,PRO74373,11,7854,86394,WAR00042
LIN68904,QUO34143,PRO56174,3,9231,27693,WAR00043
LIN09498,QUO51678,PRO77206,18,7670,138060,WAR00044
LIN56472,QUO80342,PRO21215,11,4332,47652,WAR00045
LIN89890,QUO66540,PRO13996,9,9851,88659,WAR00046
LIN80758,QUO63490,PRO21215,4,4332,17328,WAR00047
LIN39734,QUO58331,PRO44499,16,9613,153808,WAR00048
LIN98223,QUO15978,PRO83380,1,6138,6138,WAR00049
LIN59652,QUO39411,PRO12639,16,8917,142672,WAR00050
LIN41408,QUO75436,PRO19301,19,5943,112917,WAR00051
LIN84176,QUO82061,PRO98085,5,9212,46060,WAR00052
LIN06794,QUO45345,PRO64828,14,8684,121576,WAR00053
LIN99583,QUO28321,PRO81999,15,3518,52770,WAR00054
LIN10846,QUO11502,PRO19301,19,5943,112917,WAR00055
LIN41711,QUO62422,PRO14992,19,5682,107958,WAR00056
LIN32215,QUO19729,PRO03838,19,8952,170088,WAR00057
LIN63589,QUO23048,PRO86754,17,9327,158559,WAR00058
LIN38207,QUO03610,PRO14701,18,6030,108540,WAR00059
LIN96000,QUO54674,PRO65552,6,5999,35994,WAR00060
LIN61951,QUO61943,PRO01485,12,8534,102408,WAR00061
LIN44797,QUO86093,PRO19301,8,5943,47544,WAR00062
LIN02840,QUO24253,PRO30045,19,3060,58140,WAR00063
LIN28034,QUO48682,PRO67495,7,9591,67137,WAR00064
LIN30304,QUO24334,PRO93334,20,6267,125340,WAR00065
LIN01662,QUO60220,PRO12639,14,8917,124838,WAR00066
LIN45059,QUO80090,PRO40808,19,6574,124906,WAR00067
LIN31445,QUO47560,PRO14992,1,5682,5682,WAR00068
LIN26340,QUO33042,PRO10732,4,9315,37260,WAR00069
LIN63522,QUO53874,PRO26667,19,3888,73872,WAR00070
LIN27281,QUO71481,PRO09500,13,6194,80522,WAR00071
LIN48166,QUO45880,PRO98085,8,9212,73696,WAR00072
LIN89184,QUO84316,PRO65552,17,5999,101983,WAR00073
LIN06091,QUO54735,PRO12639,8,8917,71336,WAR00074
LIN94219,QUO85063,PRO61136,20,5239,104780,WAR00075
LIN26489,QUO80975,PRO46773,3,9613,28839,WAR00076
LIN57834,QUO83441,PRO92316,5,8114,40570,WAR00077
LIN00473,QUO23594,PRO93334,16,6267,100272,WAR00078
LIN21272,QUO06699,PRO86898,6,9816,58896,WAR00079
LIN97519,QUO89682,PRO99910,14,7851,109914,WAR00080
LIN29212,QUO07876,PRO61136,17,5239,89063,WAR00081
LIN77917,QUO00872,PRO12639,2,8917,17834,WAR00082
LIN35870,QUO95290,PRO12639,7,8917,62419,WAR00083
LIN02567,QUO58473,PRO09500,15,6194,92910,WAR00084
LIN46348,QUO90443,PRO61136,5,5239,26195,WAR00085
LIN26292,QUO41215,PRO41627,16,6332,101312,WAR00086
LIN72997,QUO34390,PRO71161,8,4550,36400,WAR00087
LIN87213,QUO47415,PRO04233,2,5775,11550,WAR00088
LIN22187,QUO61769,PRO86898,15,9816,147240,WAR00089
LIN72256,QUO48309,PRO41627,4,6332,25328,WAR00090
LIN88875,QUO06507,PRO13996,11,9851,108361,WAR00091
LIN78535,QUO68861,PRO04233,15,5775,86625,WAR00092
LIN69785,QUO93208,PRO92316,15,8114,121710,WAR00093
LIN03891,QUO22161,PRO14701,16,6030,96480,WAR00094
LIN58732,QUO92368,PRO81999,1,3518,3518,WAR00095
LIN64478,QUO09188,PRO21215,17,4332,73644,WAR00096
LIN99694,QUO65534,PRO14701,10,6030,60300,WAR00097
LIN30266,QUO97414,PRO61136,19,5239,99541,WAR00098
LIN14639,QUO37517,PRO83380,8,6138,49104,WAR00099
LIN54504,QUO64683,PRO04233,13,5775,75075,WAR00100
LIN61692,QUO58594,PRO67890,11,4880,53680,WAR00101
LIN86140,QUO29813,PRO95982,3,8584,25752,WAR00102
LIN72930,QUO96448,PRO86754,16,9327,149232,WAR00103
LIN76137,QUO64833,PRO09500,7,6194,43358,WAR00104
LIN84099,QUO83854,PRO86754,5,9327,46635,WAR00105
LIN79328,QUO39792,PRO44499,4,9613,38452,WAR00106
LIN44298,QUO95608,PRO93334,8,6267,50136,WAR00107
LIN87035,QUO61688,PRO77206,10,7670,76700,WAR00108
LIN03883,QUO79339,PRO30045,11,3060,33660,WAR00109
LIN10154,QUO39267,PRO30045,6,3060,18360,WAR00110
LIN22808,QUO21812,PRO71161,11,4550,50050,WAR00111
LIN77274,QUO73792,PRO95982,9,8584,77256,WAR00112
LIN91558,QUO65805,PRO51045,10,8664,86640,WAR00113
LIN61948,QUO61998,PRO09500,7,6194,43358,WAR00114
LIN27755,QUO61508,PRO14701,19,6030,114570,WAR00115
LIN65879,QUO94090,PRO41627,16,6332,101312,WAR00116
LIN82011,QUO81828,PRO56174,7,9231,64617,WAR00117
LIN81664,QUO00814,PRO74373,18,7854,141372,WAR00118
LIN98992,QUO65076,PRO77206,2,7670,15340,WAR00119
LIN33998,QUO66439,PRO41240,7,9402,65814,WAR00120
LIN10791,QUO63305,PRO12639,7,8917,62419,WAR00121
LIN78635,QUO55504,PRO98085,1,9212,9212,WAR00122
LIN39049,QUO11888,PRO44499,14,9613,134582,WAR00123
LIN67246,QUO03999,PRO19301,19,5943,112917,WAR00124
LIN09370,QUO43053,PRO63981,1,6130,6130,WAR00125
LIN50596,QUO35296,PRO01485,20,8534,170680,WAR00126
LIN13640,QUO17527,PRO63981,1,6130,6130,WAR00127
LIN15076,QUO87959,PRO57903,19,6074,115406,WAR00128
LIN93420,QUO42881,PRO81999,19,3518,66842,WAR00129
LIN60055,QUO91116,PRO40808,19,6574,124906,WAR00130
LIN01653,QUO81725,PRO51725,9,8828,79452,WAR00131
LIN87972,QUO16181,PRO64497,2,7892,15784,WAR00132
LIN26524,QUO58597,PRO44499,9,9613,86517,WAR00133
LIN81069,QUO46585,PRO19301,12,5943,71316,WAR00134
LIN38970,QUO04863,PRO51045,20,8664,173280,WAR00135
LIN31539,QUO96304,PRO65552,13,5999,77987,WAR00136
LIN39774,QUO88891,PRO57903,7,6074,42518,WAR00137
LIN31308,QUO31197,PRO41627,1,6332,6332,WAR00138
LIN72432,QUO68094,PRO71161,5,4550,22750,WAR00139
LIN86823,QUO00013,PRO64497,13,7892,102596,WAR00140
LIN91215,QUO25789,PRO81999,6,3518,21108,WAR00141
LIN06881,QUO53444,PRO21215,6,4332,25992,WAR00142
LIN05547,QUO35258,PRO64122,3,4502,13506,WAR00143
LIN37435,QUO48009,PRO40808,19,6574,124906,WAR00144
LIN49194,QUO48105,PRO14992,14,5682,79548,WAR00145
LIN60215,QUO77891,PRO65552,10,5999,59990,WAR00146
LIN62080,QUO14071,PRO39806,9,7529,67761,WAR00147
LIN94131,QUO82096,PRO14992,5,5682,28410,WAR00148
LIN95019,QUO67913,PRO07576,13,3571,46423,WAR00149
LIN27531,QUO17526,PRO41627,11,6332,69652,WAR00150
LIN60811,QUO19226,PRO83380,3,6138,18414,WAR00151
LIN14795,QUO04613,PRO14992,11,5682,62502,WAR00152
LIN19711,QUO07569,PRO70558,15,7843,117645,WAR00153
LIN63951,QUO09108,PRO57903,3,6074,18222,WAR00154
LIN30870,QUO79425,PRO46773,16,9613,153808,WAR00155
LIN48171,QUO17542,PRO14992,2,5682,11364,WAR00156
LIN63678,QUO09841,PRO04233,8,5775,46200,WAR00157
LIN20353,QUO37607,PRO86754,20,9327,186540,WAR00158
LIN27726,QUO24598,PRO64497,13,7892,102596,WAR00159
LIN66225,QUO68073,PRO64828,7,8684,60788,WAR00160
LIN93119,QUO20777,PRO74373,15,7854,117810,WAR00161
LIN14821,QUO17987,PRO41627,6,6332,37992,WAR00162
LIN12657,QUO66353,PRO57903,19,6074,115406,WAR00163
LIN52180,QUO59272,PRO92316,16,8114,129824,WAR00164
LIN94348,QUO42496,PRO21215,8,4332,34656,WAR00165
LIN69313,QUO41709,PRO51045,17,8664,147288,WAR00166
LIN66955,QUO34905,PRO61136,6,5239,31434,WAR00167
LIN05003,QUO39602,PRO97881,3,6562,19686,WAR00168
LIN24783,QUO77362,PRO14701,5,6030,30150,WAR00169
LIN60393,QUO78468,PRO79367,15,7500,112500,WAR00170
LIN58034,QUO04915,PRO21215,3,4332,12996,WAR00171
LIN60373,QUO78953,PRO13996,9,9851,88659,WAR00172
LIN76105,QUO32045,PRO83380,17,6138,104346,WAR00173
LIN19951,QUO46931,PRO26667,15,3888,58320,WAR00174
LIN73643,QUO14412,PRO67890,6,4880,29280,WAR00175
LIN68537,QUO05095,PRO46773,16,9613,153808,WAR00176
LIN80837,QUO05139,PRO14701,12,6030,72360,WAR00177
LIN77485,QUO74394,PRO40808,12,6574,78888,WAR00178
LIN79418,QUO53266,PRO75076,11,8325,91575,WAR00179
LIN96375,QUO62929,PRO74373,15,7854,117810,WAR00180
LIN18181,QUO60637,PRO12639,12,8917,107004,WAR00181
LIN02004,QUO14330,PRO77206,3,7670,23010,WAR00182
LIN77746,QUO26384,PRO79367,12,7500,90000,WAR00183
LIN00898,QUO75181,PRO19301,5,5943,29715,WAR00184
LIN32388,QUO83188,PRO71161,8,4550,36400,WAR00185
LIN11481,QUO71718,PRO56174,1,9231,9231,WAR00186
LIN23917,QUO81028,PRO98085,20,9212,184240,WAR00187
LIN00124,QUO10409,PRO95982,12,8584,103008,WAR00188
LIN36898,QUO59093,PRO98085,10,9212,92120,WAR00189
LIN67281,QUO45523,PRO41627,19,6332,120308,WAR00190
LIN90332,QUO39274,PRO19301,15,5943,89145,WAR00191
LIN55704,QUO15541,PRO41240,6,9402,56412,WAR00192
LIN32396,QUO16423,PRO95982,14,8584,120176,WAR00193
LIN94198,QUO56857,PRO26667,12,3888,46656,WAR00194
LIN10711,QUO04445,PRO57903,20,6074,121480,WAR00195
LIN05922,QUO87029,PRO92316,7,8114,56798,WAR00196
LIN34251,QUO35442,PRO51725,19,8828,167732,WAR00197
LIN91575,QUO61021,PRO12639,11,8917,98087,WAR00198
LIN33747,QUO10222,PRO63981,12,6130,73560,WAR00199
LIN08126,QUO97966,PRO74373,1,7854,7854,WAR00200
LIN04883,QUO89841,PRO77206,7,7670,53690,WAR00201
LIN96929,QUO49628,PRO44499,9,9613,86517,WAR00202
LIN24007,QUO38706,PRO19301,7,5943,41601,WAR00203
LIN17287,QUO72818,PRO75076,8,8325,66600,WAR00204
LIN82407,QUO14671,PRO51725,17,8828,150076,WAR00205
LIN44290,QUO89487,PRO65552,9,5999,53991,WAR00206
LIN48182,QUO49134,PRO40808,14,6574,92036,WAR00207
LIN70859,QUO63931,PRO12639,9,8917,80253,WAR00208
LIN75502,QUO66570,PRO44499,13,9613,124969,WAR00209
LIN84431,QUO30380,PRO79367,6,7500,45000,WAR00210
LIN96172,QUO19273,PRO64497,17,7892,134164,WAR00211
LIN58449,QUO22836,PRO01485,15,8534,128010,WAR00212
LIN25503,QUO53813,PRO99910,14,7851,109914,WAR00213
LIN79935,QUO45901,PRO30045,17,3060,52020,WAR00214
LIN63443,QUO85886,PRO64828,13,8684,112892,WAR00215
LIN53878,QUO35175,PRO63981,17,6130,104210,WAR00216
LIN66454,QUO53455,PRO14992,11,5682,62502,WAR00217
LIN14273,QUO95643,PRO01485,6,8534,51204,WAR00218
LIN88992,QUO99579,PRO70558,6,7843,47058,WAR00219
LIN38205,QUO85097,PRO01485,2,8534,17068,WAR00220
LIN06434,QUO57073,PRO46773,2,9613,19226,WAR00221
LIN75414,QUO99558,PRO64122,3,4502,13506,WAR00222
LIN57240,QUO89211,PRO70558,6,7843,47058,WAR00223
LIN57662,QUO50712,PRO19301,1,5943,5943,WAR00224
LIN92703,QUO24453,PRO74373,9,7854,70686,WAR00225
LIN61749,QUO86512,PRO67495,14,9591,134274,WAR00226
LIN41831,QUO42988,PRO44499,17,9613,163421,WAR00227
LIN63852,QUO28250,PRO63981,8,6130,49040,WAR00228
LIN70799,QUO23173,PRO21215,15,4332,64980,WAR00229
LIN71966,QUO83059,PRO97881,1,6562,6562,WAR00230
LIN06959,QUO32629,PRO64497,12,7892,94704,WAR00231
LIN23630,QUO31670,PRO45787,16,9518,152288,WAR00232
LIN91167,QUO52042,PRO81999,7,3518,24626,WAR00233
LIN43067,QUO54917,PRO75076,13,8325,108225,WAR00234
LIN06257,QUO98331,PRO45787,14,9518,133252,WAR00235
LIN33765,QUO09568,PRO70558,6,7843,47058,WAR00236
LIN35327,QUO75939,PRO13996,6,9851,59106,WAR00237
LIN62039,QUO60036,PRO29563,18,4923,88614,WAR00238
LIN46196,QUO44189,PRO14992,5,5682,28410,WAR00239
LIN37836,QUO98799,PRO86754,17,9327,158559,WAR00240
LIN20702,QUO38196,PRO12639,20,8917,178340,WAR00241
LIN74919,QUO24552,PRO09500,12,6194,74328,WAR00242
LIN11429,QUO54059,PRO95982,14,8584,120176,WAR00243
LIN34324,QUO89419,PRO14992,4,5682,22728,WAR00244
LIN56782,QUO57315,PRO64828,10,8684,86840,WAR00245
LIN43120,QUO76762,PRO46773,19,9613,182647,WAR00246
LIN92651,QUO78625,PRO04233,14,5775,80850,WAR00247
LIN76954,QUO26225,PRO30045,12,3060,36720,WAR00248
LIN90041,QUO19951,PRO61136,10,5239,52390,WAR00249
LIN89596,QUO05552,PRO10732,18,9315,167670,WAR00250
LIN58889,QUO93462,PRO26667,10,3888,38880,WAR00251
LIN07305,QUO66124,PRO46773,9,9613,86517,WAR00252
LIN20378,QUO43947,PRO81999,6,3518,21108,WAR00253
LIN81865,QUO72540,PRO07576,13,3571,46423,WAR00254
LIN37487,QUO78432,PRO45787,12,9518,114216,WAR00255
LIN22558,QUO50606,PRO83380,19,6138,116622,WAR00256
LIN33686,QUO61683,PRO79367,13,7500,97500,WAR00257
LIN27841,QUO65049,PRO14701,12,6030,72360,WAR00258
LIN94990,QUO70337,PRO56174,4,9231,36924,WAR00259
LIN06350,QUO05175,PRO09500,17,6194,105298,WAR00260
LIN40975,QUO12473,PRO09500,5,6194,30970,WAR00261
LIN42977,QUO72035,PRO39806,18,7529,135522,WAR00262
LIN04560,QUO52246,PRO30045,5,3060,15300,WAR00263
LIN37998,QUO31877,PRO93334,14,6267,87738,WAR00264
LIN02803,QUO93697,PRO67495,1,9591,9591,WAR00265
LIN03082,QUO03673,PRO75076,13,8325,108225,WAR00266
LIN34323,QUO42930,PRO98085,8,9212,73696,WAR00267
LIN05628,QUO86984,PRO30045,16,3060,48960,WAR00268
LIN69451,QUO88817,PRO93334,17,6267,106539,WAR00269
LIN90121,QUO99283,PRO86898,18,9816,176688,WAR00270
LIN46766,QUO70709,PRO99910,13,7851,102063,WAR00271
LIN44544,QUO18957,PRO75076,6,8325,49950,WAR00272
LIN38997,QUO66293,PRO63981,2,6130,12260,WAR00273
LIN55180,QUO49408,PRO41240,2,9402,18804,WAR00274
LIN52942,QUO77792,PRO81999,13,3518,45734,WAR00275
LIN42067,QUO05719,PRO86898,10,9816,98160,WAR00276
LIN73890,QUO09770,PRO67890,18,4880,87840,WAR00277
LIN65170,QUO10430,PRO09500,15,6194,92910,WAR00278
LIN66845,QUO74101,PRO81999,2,3518,7036,WAR00279
LIN23261,QUO56208,PRO97881,11,6562,72182,WAR00280
LIN07884,QUO15384,PRO01485,17,8534,145078,WAR00281
LIN14333,QUO83643,PRO67495,18,9591,172638,WAR00282
LIN72441,QUO34524,PRO86898,14,9816,137424,WAR00283
LIN33443,QUO16533,PRO93334,6,6267,37602,WAR00284
LIN57300,QUO86269,PRO92316,15,8114,121710,WAR00285
LIN60547,QUO03494,PRO64828,20,8684,173680,WAR00286
LIN21673,QUO00709,PRO79367,3,7500,22500,WAR00287
LIN00113,QUO85109,PRO21215,11,4332,47652,WAR00288
LIN40079,QUO59308,PRO98085,9,9212,82908,WAR00289
LIN77410,QUO37196,PRO41627,6,6332,37992,WAR00290
LIN91169,QUO65068,PRO67495,9,9591,86319,WAR00291
LIN92617,QUO56909,PRO51725,3,8828,26484,WAR00292
LIN14158,QUO84026,PRO79367,14,7500,105000,WAR00293
LIN13270,QUO81817,PRO86898,6,9816,58896,WAR00294
LIN53520,QUO29021,PRO19301,8,5943,47544,WAR00295
LIN15969,QUO39331,PRO79367,3,7500,22500,WAR00296
LIN08801,QUO73967,PRO67495,2,9591,19182,WAR00297
LIN26956,QUO38649,PRO14701,3,6030,18090,WAR00298
LIN57400,QUO93994,PRO70558,2,7843,15686,WAR00299
LIN76970,QUO36922,PRO81999,17,3518,59806,WAR00300
LIN97746,QUO93475,PRO45787,19,9518,180842,WAR00301
LIN27956,QUO59350,PRO10732,8,9315,74520,WAR00302
LIN00952,QUO43752,PRO65552,7,5999,41993,WAR00303
LIN08152,QUO36727,PRO67890,6,4880,29280,WAR00304
LIN86036,QUO12708,PRO57903,15,6074,91110,WAR00305
LIN54594,QUO92263,PRO04233,12,5775,69300,WAR00306
LIN05391,QUO00756,PRO14992,8,5682,45456,WAR00307
LIN88514,QUO08346,PRO51045,16,8664,138624,WAR00308
LIN75072,QUO68974,PRO39806,7,7529,52703,WAR00309
LIN89836,QUO89997,PRO86898,6,9816,58896,WAR00310
LIN49886,QUO45341,PRO98085,19,9212,175028,WAR00311
LIN01356,QUO83446,PRO01485,18,8534,153612,WAR00312
LIN78017,QUO29165,PRO51045,8,8664,69312,WAR00313
LIN84630,QUO80940,PRO19301,6,5943,35658,WAR00314
LIN41151,QUO25986,PRO46773,12,9613,115356,WAR00315
LIN93273,QUO37222,PRO56174,20,9231,184620,WAR00316
LIN14821,QUO72361,PRO71161,8,4550,36400,WAR00317
LIN89165,QUO76096,PRO86754,20,9327,186540,WAR00318
LIN75563,QUO39612,PRO46773,20,9613,192260,WAR00319
LIN02897,QUO54708,PRO79367,16,7500,120000,WAR00320
LIN37139,QUO82550,PRO97881,10,6562,65620,WAR00321
LIN20423,QUO44785,PRO61136,19,5239,99541,WAR00322
LIN10491,QUO12990,PRO45787,11,9518,104698,WAR00323
LIN46215,QUO48645,PRO07576,20,3571,71420,WAR00324
LIN27803,QUO17056,PRO14701,15,6030,90450,WAR00325
LIN69826,QUO85841,PRO67890,13,4880,63440,WAR00326
LIN06254,QUO75562,PRO46773,13,9613,124969,WAR00327
LIN47457,QUO37429,PRO71161,16,4550,72800,WAR00328
LIN77658,QUO09784,PRO13996,12,9851,118212,WAR00329
LIN22881,QUO32831,PRO19301,1,5943,5943,WAR00330
LIN11668,QUO46896,PRO12639,1,8917,8917,WAR00331
LIN90168,QUO32642,PRO77206,5,7670,38350,WAR00332
LIN74798,QUO78617,PRO04233,3,5775,17325,WAR00333
LIN70362,QUO84045,PRO21215,19,4332,82308,WAR00334
LIN50551,QUO01736,PRO67495,17,9591,163047,WAR00335
LIN74539,QUO30451,PRO10732,3,9315,27945,WAR00336
LIN02893,QUO35957,PRO65552,7,5999,41993,WAR00337
LIN60524,QUO79581,PRO83380,17,6138,104346,WAR00338
LIN37244,QUO72050,PRO13996,1,9851,9851,WAR00339
LIN24417,QUO06380,PRO56174,18,9231,166158,WAR00340
LIN07645,QUO15096,PRO09500,9,6194,55746,WAR00341
LIN76299,QUO14116,PRO92316,12,8114,97368,WAR00342
LIN51135,QUO46213,PRO81999,9,3518,31662,WAR00343
LIN27773,QUO00115,PRO45787,18,9518,171324,WAR00344
LIN62202,QUO99724,PRO64828,7,8684,60788,WAR00345
LIN82109,QUO98697,PRO29563,8,4923,39384,WAR00346
LIN70493,QUO09960,PRO86898,5,9816,49080,WAR00347
LIN53198,QUO62586,PRO07576,8,3571,28568,WAR00348
LIN34826,QUO54112,PRO86754,18,9327,167886,WAR00349
LIN23406,QUO46554,PRO67495,5,9591,47955,WAR00350
LIN12589,QUO79261,PRO70558,17,7843,133331,WAR00351
LIN29136,QUO53302,PRO98085,6,9212,55272,WAR00352
LIN64803,QUO94986,PRO71161,12,4550,54600,WAR00353
LIN37787,QUO51868,PRO86898,4,9816,39264,WAR00354
LIN93337,QUO68303,PRO97881,18,6562,118116,WAR00355
LIN08031,QUO03075,PRO63981,9,6130,55170,WAR00356
LIN94270,QUO18511,PRO21215,2,4332,8664,WAR00357
LIN08500,QUO98567,PRO12639,6,8917,53502,WAR00358
LIN31642,QUO37208,PRO40808,16,6574,105184,WAR00359
LIN75088,QUO05309,PRO98085,5,9212,46060,WAR00360
LIN78526,QUO36557,PRO41627,18,6332,113976,WAR00361
LIN80913,QUO85264,PRO61136,8,5239,41912,WAR00362
LIN09581,QUO23943,PRO04233,20,5775,115500,WAR00363
LIN79694,QUO83068,PRO99910,3,7851,23553,WAR00364
LIN77938,QUO87914,PRO81999,19,3518,66842,WAR00365
LIN66641,QUO09090,PRO51725,11,8828,97108,WAR00366
LIN70348,QUO85440,PRO29563,1,4923,4923,WAR00367
LIN24247,QUO44246,PRO74373,4,7854,31416,WAR00368
LIN43428,QUO67060,PRO07576,15,3571,53565,WAR00369
LIN79546,QUO27858,PRO70558,5,7843,39215,WAR00370
LIN75794,QUO52103,PRO01485,5,8534,42670,WAR00371
LIN53747,QUO23108,PRO79367,16,7500,120000,WAR00372
LIN67770,QUO05641,PRO29563,4,4923,19692,WAR00373
LIN52038,QUO74577,PRO74373,3,7854,23562,WAR00374
LIN21644,QUO96250,PRO99910,1,7851,7851,WAR00375
LIN37760,QUO40501,PRO41240,4,9402,37608,WAR00376
LIN23293,QUO63986,PRO14701,14,6030,84420,WAR00377
LIN29374,QUO87690,PRO93334,17,6267,106539,WAR00378
LIN49302,QUO46832,PRO14701,2,6030,12060,WAR00379
LIN84428,QUO54466,PRO13996,9,9851,88659,WAR00380
LIN44594,QUO48745,PRO61136,7,5239,36673,WAR00381
LIN42731,QUO07894,PRO63981,7,6130,42910,WAR00382
LIN28107,QUO95015,PRO51045,10,8664,86640,WAR00383
LIN50962,QUO07044,PRO98085,2,9212,18424,WAR00384
LIN92181,QUO80387,PRO04233,13,5775,75075,WAR00385
LIN56987,QUO51426,PRO29563,4,4923,19692,WAR00386
LIN17734,QUO51787,PRO07576,7,3571,24997,WAR00387
LIN11299,QUO54851,PRO64122,13,4502,58526,WAR00388
LIN99423,QUO76741,PRO51725,20,8828,176560,WAR00389
LIN22073,QUO96712,PRO56174,16,9231,147696,WAR00390
LIN72314,QUO51257,PRO65552,3,5999,17997,WAR00391
LIN44477,QUO33987,PRO97881,1,6562,6562,WAR00392
LIN79942,QUO35519,PRO98085,14,9212,128968,WAR00393
LIN50431,QUO64020,PRO56174,16,9231,147696,WAR00394
LIN48810,QUO95319,PRO64828,14,8684,121576,WAR00395
LIN81941,QUO67899,PRO41627,7,6332,44324,WAR00396
LIN97350,QUO83725,PRO61136,7,5239,36673,WAR00397
LIN07113,QUO15515,PRO51045,17,8664,147288,WAR00398
LIN06420,QUO23630,PRO63981,6,6130,36780,WAR00399
LIN80032,QUO25158,PRO67495,9,9591,86319,WAR00400
LIN37038,QUO06797,PRO09500,8,6194,49552,WAR00401
LIN22606,QUO87854,PRO74373,8,7854,62832,WAR00402
LIN79275,QUO70207,PRO14701,14,6030,84420,WAR00403
LIN96626,QUO35638,PRO29563,2,4923,9846,WAR00404
LIN44881,QUO49625,PRO83380,7,6138,42966,WAR00405
LIN16363,QUO03388,PRO92316,16,8114,129824,WAR00406
LIN00539,QUO18071,PRO75076,3,8325,24975,WAR00407
LIN24616,QUO51979,PRO83380,14,6138,85932,WAR00408
LIN90229,QUO95967,PRO09500,8,6194,49552,WAR00409
LIN95102,QUO04190,PRO86754,15,9327,139905,WAR00410
LIN48145,QUO32252,PRO46773,5,9613,48065,WAR00411
LIN36115,QUO89253,PRO83380,16,6138,98208,WAR00412
LIN69533,QUO11683,PRO39806,9,7529,67761,WAR00413
LIN18231,QUO99425,PRO61136,1,5239,5239,WAR00414
LIN39352,QUO53345,PRO65552,6,5999,35994,WAR00415
LIN78543,QUO15957,PRO56174,6,9231,55386,WAR00416
LIN23096,QUO50252,PRO93334,5,6267,31335,WAR00417
LIN22112,QUO30764,PRO61136,18,5239,94302,WAR00418
LIN79750,QUO03688,PRO74373,20,7854,157080,WAR00419
LIN00826,QUO78880,PRO21215,5,4332,21660,WAR00420
LIN24032,QUO97016,PRO67890,12,4880,58560,WAR00421
LIN37286,QUO26525,PRO13996,15,9851,147765,WAR00422
LIN19917,QUO22121,PRO41240,19,9402,178638,WAR00423
LIN24377,QUO64324,PRO12639,14,8917,124838,WAR00424
LIN50209,QUO32988,PRO46773,3,9613,28839,WAR00425
LIN78616,QUO38883,PRO98085,7,9212,64484,WAR00426
LIN62163,QUO05570,PRO86898,12,9816,117792,WAR00427
LIN10392,QUO06185,PRO83380,13,6138,79794,WAR00428
LIN05437,QUO45325,PRO70558,18,7843,141174,WAR00429
LIN24642,QUO57854,PRO77206,19,7670,145730,WAR00430
LIN98200,QUO69634,PRO71161,3,4550,13650,WAR00431
LIN17272,QUO83271,PRO14701,10,6030,60300,WAR00432
LIN60040,QUO68357,PRO26667,9,3888,34992,WAR00433
LIN97726,QUO60848,PRO09500,16,6194,99104,WAR00434
LIN90888,QUO71238,PRO71161,8,4550,36400,WAR00435
LIN66822,QUO33629,PRO83380,16,6138,98208,WAR00436
LIN53788,QUO52635,PRO03838,13,8952,116376,WAR00437
LIN64402,QUO08614,PRO97881,14,6562,91868,WAR00438
LIN65991,QUO04756,PRO71161,16,4550,72800,WAR00439
LIN72658,QUO00127,PRO44499,5,9613,48065,WAR00440
LIN13091,QUO03992,PRO93334,9,6267,56403,WAR00441
LIN16278,QUO50843,PRO75076,3,8325,24975,WAR00442
LIN56632,QUO24623,PRO40808,13,6574,85462,WAR00443
LIN45581,QUO86686,PRO86754,15,9327,139905,WAR00444
LIN52686,QUO14179,PRO21215,17,4332,73644,WAR00445
LIN90150,QUO10099,PRO99910,5,7851,39255,WAR00446
LIN34895,QUO77113,PRO26667,5,3888,19440,WAR00447
LIN71291,QUO81826,PRO99910,16,7851,125616,WAR00448
LIN64879,QUO79000,PRO92316,9,8114,73026,WAR00449
LIN87368,QUO28869,PRO93334,16,6267,100272,WAR00450
LIN96880,QUO84339,PRO61136,4,5239,20956,WAR00451
LIN32750,QUO68774,PRO03838,10,8952,89520,WAR00452
LIN64569,QUO01194,PRO14701,4,6030,24120,WAR00453
LIN06062,QUO99295,PRO64497,8,7892,63136,WAR00454
LIN54504,QUO71470,PRO65552,6,5999,35994,WAR00455
LIN69273,QUO08006,PRO95982,3,8584,25752,WAR00456
LIN52250,QUO14520,PRO71161,4,4550,18200,WAR00457
LIN05671,QUO73800,PRO98085,15,9212,138180,WAR00458
LIN03473,QUO83306,PRO57903,7,6074,42518,WAR00459
LIN08681,QUO76145,PRO03838,16,8952,143232,WAR00460
LIN07214,QUO38208,PRO07576,15,3571,53565,WAR00461
LIN77203,QUO03379,PRO30045,6,3060,18360,WAR00462
LIN92779,QUO09406,PRO51725,17,8828,150076,WAR00463
LIN94149,QUO59845,PRO75076,3,8325,24975,WAR00464
LIN28447,QUO54002,PRO93334,6,6267,37602,WAR00465
LIN24705,QUO57036,PRO30045,6,3060,18360,WAR00466
LIN66611,QUO82310,PRO51725,15,8828,132420,WAR00467
LIN95511,QUO70961,PRO51725,16,8828,141248,WAR00468
LIN19578,QUO68742,PRO74373,10,7854,78540,WAR00469
LIN50668,QUO63794,PRO93334,10,6267,62670,WAR00470
LIN30061,QUO76904,PRO95982,19,8584,163096,WAR00471
LIN62581,QUO36736,PRO14992,15,5682,85230,WAR00472
LIN13062,QUO28004,PRO97881,17,6562,111554,WAR00473
LIN21410,QUO32677,PRO03838,6,8952,53712,WAR00474
LIN97927,QUO11080,PRO65552,16,5999,95984,WAR00475
LIN88530,QUO22121,PRO95982,12,8584,103008,WAR00476
LIN88317,QUO84200,PRO65552,10,5999,59990,WAR00477
LIN46489,QUO75722,PRO40808,19,6574,124906,WAR00478
LIN35942,QUO93282,PRO46773,13,9613,124969,WAR00479
LIN99707,QUO48225,PRO77206,12,7670,92040,WAR00480
LIN79098,QUO11471,PRO70558,9,7843,70587,WAR00481
LIN48221,QUO39296,PRO40808,3,6574,19722,WAR00482
LIN02495,QUO82987,PRO79367,6,7500,45000,WAR00483
LIN92904,QUO27544,PRO86754,16,9327,149232,WAR00484
LIN18875,QUO34975,PRO51045,11,8664,95304,WAR00485
LIN02947,QUO87202,PRO12639,4,8917,35668,WAR00486
LIN43264,QUO85102,PRO41240,17,9402,159834,WAR00487
LIN03871,QUO62656,PRO65552,15,5999,89985,WAR00488
LIN38743,QUO43654,PRO19301,11,5943,65373,WAR00489
LIN42831,QUO13479,PRO93334,17,6267,106539,WAR00490
LIN83140,QUO33404,PRO57903,8,6074,48592,WAR00491
LIN72671,QUO65518,PRO13996,7,9851,68957,WAR00492
LIN90912,QUO69378,PRO44499,19,9613,182647,WAR00493
LIN20267,QUO35061,PRO29563,19,4923,93537,WAR00494
LIN75752,QUO16126,PRO03838,2,8952,17904,WAR00495
LIN63228,QUO08080,PRO67495,16,9591,153456,WAR00496
LIN46347,QUO00120,PRO71161,1,4550,4550,WAR00497
LIN46292,QUO95951,PRO51045,14,8664,121296,WAR00498
LIN64805,QUO75812,PRO09500,18,6194,111492,WAR00499
LIN22432,QUO95981,PRO70558,5,7843,39215,WAR00500
LIN98936,QUO90957,PRO86754,1,9327,9327,WAR00501
LIN15552,QUO16430,PRO45787,5,9518,47590,WAR00502
LIN69028,QUO73532,PRO64828,16,8684,138944,WAR00503
LIN53370,QUO97142,PRO14992,10,5682,56820,WAR00504
LIN55755,QUO47133,PRO39806,7,7529,52703,WAR00505
LIN97973,QUO23376,PRO64828,8,8684,69472,WAR00506
LIN38876,QUO17529,PRO51045,13,8664,112632,WAR00507
LIN94303,QUO28746,PRO26667,7,3888,27216,WAR00508
LIN11975,QUO80080,PRO19301,3,5943,17829,WAR00509
LIN48845,QUO44481,PRO97881,14,6562,91868,WAR00510
LIN64989,QUO01008,PRO44499,17,9613,163421,WAR00511
LIN49607,QUO51429,PRO39806,13,7529,97877,WAR00512
LIN31343,QUO14515,PRO03838,3,8952,26856,WAR00513
LIN25827,QUO95097,PRO64828,4,8684,34736,WAR00514
LIN54797,QUO48287,PRO51045,19,8664,164616,WAR00515
LIN34505,QUO02963,PRO97881,13,6562,85306,WAR00516
LIN69365,QUO54558,PRO92316,1,8114,8114,WAR00517
LIN45470,QUO27313,PRO26667,10,3888,38880,WAR00518
LIN38085,QUO84868,PRO75076,9,8325,74925,WAR00519
LIN71638,QUO66721,PRO64497,20,7892,157840,WAR00520
LIN11331,QUO43483,PRO26667,11,3888,42768,WAR00521
LIN71122,QUO31418,PRO79367,16,7500,120000,WAR00522
LIN12426,QUO52515,PRO30045,14,3060,42840,WAR00523
LIN42665,QUO32564,PRO64122,7,4502,31514,WAR00524
LIN83469,QUO89163,PRO81999,1,3518,3518,WAR00525
LIN71065,QUO16129,PRO79367,20,7500,150000,WAR00526
LIN48401,QUO00191,PRO67495,17,9591,163047,WAR00527
LIN46314,QUO44450,PRO14701,5,6030,30150,WAR00528
LIN40680,QUO87822,PRO64122,1,4502,4502,WAR00529
LIN03097,QUO69062,PRO07576,1,3571,3571,WAR00530
LIN50736,QUO45507,PRO51725,20,8828,176560,WAR00531
LIN23422,QUO80103,PRO41627,20,6332,126640,WAR00532
LIN48909,QUO01991,PRO29563,12,4923,59076,WAR00533
LIN37145,QUO68736,PRO13996,3,9851,29553,WAR00534
LIN79200,QUO17368,PRO86754,8,9327,74616,WAR00535
LIN68556,QUO03265,PRO12639,13,8917,115921,WAR00536
LIN21545,QUO55044,PRO93334,4,6267,25068,WAR00537
LIN65940,QUO18242,PRO41627,15,6332,94980,WAR00538
LIN99811,QUO04588,PRO40808,17,6574,111758,WAR00539
LIN19711,QUO09553,PRO63981,14,6130,85820,WAR00540
LIN74926,QUO61481,PRO39806,13,7529,97877,WAR00541
LIN57422,QUO39891,PRO29563,5,4923,24615,WAR00542
LIN55577,QUO95515,PRO13996,13,9851,128063,WAR00543
LIN08062,QUO03320,PRO70558,7,7843,54901,WAR00544
LIN72601,QUO18709,PRO13996,4,9851,39404,WAR00545
LIN98267,QUO32831,PRO86898,3,9816,29448,WAR00546
LIN32821,QUO31929,PRO64122,15,4502,67530,WAR00547
LIN80335,QUO36774,PRO39806,5,7529,37645,WAR00548
LIN35391,QUO46768,PRO09500,6,6194,37164,WAR00549
LIN33385,QUO27122,PRO64497,9,7892,71028,WAR00550
LIN35556,QUO34500,PRO83380,12,6138,73656,WAR00551
LIN90557,QUO97123,PRO74373,17,7854,133518,WAR00552
LIN74777,QUO70515,PRO99910,10,7851,78510,WAR00553
LIN16458,QUO13468,PRO14701,17,6030,102510,WAR00554
LIN33699,QUO25684,PRO10732,17,9315,158355,WAR00555
LIN03537,QUO86495,PRO41627,3,6332,18996,WAR00556
LIN01395,QUO61310,PRO81999,12,3518,42216,WAR00557
LIN43164,QUO80641,PRO86898,11,9816,107976,WAR00558
LIN39469,QUO28076,PRO07576,3,3571,10713,WAR00559
LIN22842,QUO47777,PRO71161,1,4550,4550,WAR00560
LIN10735,QUO14641,PRO44499,14,9613,134582,WAR00561
LIN24139,QUO67862,PRO98085,20,9212,184240,WAR00562
LIN70864,QUO71918,PRO21215,10,4332,43320,WAR00563
LIN41433,QUO86340,PRO51045,12,8664,103968,WAR00564
LIN20525,QUO23089,PRO71161,1,4550,4550,WAR00565
LIN99221,QUO92339,PRO14701,5,6030,30150,WAR00566
LIN14376,QUO48301,PRO45787,7,9518,66626,WAR00567
LIN50300,QUO90323,PRO46773,5,9613,48065,WAR00568
LIN00489,QUO30654,PRO63981,5,6130,30650,WAR00569
LIN30046,QUO49472,PRO99910,4,7851,31404,WAR00570
LIN88768,QUO15898,PRO99910,6,7851,47106,WAR00571
LIN38588,QUO40783,PRO86754,19,9327,177213,WAR00572
LIN24761,QUO99177,PRO75076,2,8325,16650,WAR00573
LIN76575,QUO29772,PRO79367,1,7500,7500,WAR00574
LIN61528,QUO33270,PRO71161,17,4550,77350,WAR00575
LIN57167,QUO09085,PRO51725,9,8828,79452,WAR00576
LIN14959,QUO73808,PRO41240,3,9402,28206,WAR00577
LIN51206,QUO05590,PRO79367,7,7500,52500,WAR00578
LIN05570,QUO71967,PRO26667,10,3888,38880,WAR00579
LIN53765,QUO93037,PRO56174,2,9231,18462,WAR00580
LIN81095,QUO99672,PRO51045,7,8664,60648,WAR00581
LIN39551,QUO51558,PRO67890,15,4880,73200,WAR00582
LIN79833,QUO79896,PRO77206,1,7670,7670,WAR00583
LIN78381,QUO68338,PRO92316,6,8114,48684,WAR00584
LIN68557,QUO27636,PRO26667,5,3888,19440,WAR00585
LIN83872,QUO60233,PRO01485,12,8534,102408,WAR00586
LIN57013,QUO58632,PRO81999,8,3518,28144,WAR00587
LIN82999,QUO20360,PRO99910,6,7851,47106,WAR00588
LIN12189,QUO97889,PRO92316,15,8114,121710,WAR00589
LIN75912,QUO51100,PRO12639,18,8917,160506,WAR00590
LIN02308,QUO63498,PRO39806,16,7529,120464,WAR00591
LIN40521,QUO92490,PRO64497,5,7892,39460,WAR00592
LIN66762,QUO42064,PRO86898,20,9816,196320,WAR00593
LIN63541,QUO05707,PRO92316,19,8114,154166,WAR00594
LIN41581,QUO52192,PRO77206,1,7670,7670,WAR00595
LIN63785,QUO35475,PRO14701,11,6030,66330,WAR00596
LIN08996,QUO35708,PRO26667,19,3888,73872,WAR00597
LIN24398,QUO23519,PRO30045,14,3060,42840,WAR00598
LIN50961,QUO44006,PRO12639,1,8917,8917,WAR00599
LIN51718,QUO65228,PRO12639,6,8917,53502,WAR00600
LIN04689,QUO22321,PRO71161,8,4550,36400,WAR00601
LIN09672,QUO70176,PRO44499,5,9613,48065,WAR00602
LIN23351,QUO34433,PRO56174,1,9231,9231,WAR00603
LIN03729,QUO81687,PRO46773,5,9613,48065,WAR00604
LIN11552,QUO18786,PRO83380,9,6138,55242,WAR00605
LIN25624,QUO07040,PRO51725,7,8828,61796,WAR00606
LIN07615,QUO81925,PRO63981,10,6130,61300,WAR00607
LIN66770,QUO03498,PRO99910,17,7851,133467,WAR00608
LIN90371,QUO02974,PRO75076,7,8325,58275,WAR00609
LIN85694,QUO07773,PRO30045,6,3060,18360,WAR00610
LIN62821,QUO97088,PRO67495,2,9591,19182,WAR00611
LIN35056,QUO36479,PRO98085,6,9212,55272,WAR00612
LIN67921,QUO42922,PRO71161,18,4550,81900,WAR00613
LIN30822,QUO72270,PRO81999,8,3518,28144,WAR00614
LIN49344,QUO47793,PRO92316,6,8114,48684,WAR00615
LIN37745,QUO78592,PRO99910,17,7851,133467,WAR00616
LIN47813,QUO27216,PRO99910,11,7851,86361,WAR00617
LIN48325,QUO90068,PRO86754,3,9327,27981,WAR00618
LIN15322,QUO61483,PRO61136,11,5239,57629,WAR00619
LIN94029,QUO44418,PRO93334,4,6267,25068,WAR00620
LIN00124,QUO46324,PRO74373,20,7854,157080,WAR00621
LIN96241,QUO56161,PRO19301,1,5943,5943,WAR00622
LIN38297,QUO77733,PRO86754,14,9327,130578,WAR00623
LIN03128,QUO89948,PRO57903,3,6074,18222,WAR00624
LIN77212,QUO02069,PRO63981,16,6130,98080,WAR00625
LIN91720,QUO27674,PRO03838,8,8952,71616,WAR00626
LIN66790,QUO72417,PRO75076,18,8325,149850,WAR00627
LIN80690,QUO00488,PRO04233,4,5775,23100,WAR00628
LIN46673,QUO93521,PRO64497,13,7892,102596,WAR00629
LIN48834,QUO66063,PRO39806,14,7529,105406,WAR00630
LIN82570,QUO58006,PRO04233,9,5775,51975,WAR00631
LIN36560,QUO36015,PRO74373,6,7854,47124,WAR00632
LIN07728,QUO92563,PRO64122,2,4502,9004,WAR00633
LIN39758,QUO45271,PRO86754,15,9327,139905,WAR00634
LIN80360,QUO25659,PRO03838,18,8952,161136,WAR00635
LIN39071,QUO65140,PRO83380,20,6138,122760,WAR00636
LIN50527,QUO24634,PRO67890,20,4880,97600,WAR00637
LIN73053,QUO76161,PRO93334,7,6267,43869,WAR00638
LIN10948,QUO41761,PRO30045,14,3060,42840,WAR00639
LIN27929,QUO57699,PRO81999,20,3518,70360,WAR00640
LIN00085,QUO09986,PRO45787,5,9518,47590,WAR00641
LIN19975,QUO91709,PRO81999,3,3518,10554,WAR00642
LIN61474,QUO22078,PRO97881,20,6562,131240,WAR00643
LIN24203,QUO92844,PRO57903,19,6074,115406,WAR00644
LIN15441,QUO46631,PRO09500,8,6194,49552,WAR00645
LIN71932,QUO94459,PRO04233,3,5775,17325,WAR00646
LIN47962,QUO05864,PRO79367,20,7500,150000,WAR00647
LIN98256,QUO32851,PRO29563,16,4923,78768,WAR00648
LIN37367,QUO81079,PRO19301,1,5943,5943,WAR00649
LIN14324,QUO47579,PRO51045,12,8664,103968,WAR00650
LIN94536,QUO52767,PRO46773,9,9613,86517,WAR00651
LIN73332,QUO18489,PRO74373,9,7854,70686,WAR00652
LIN32733,QUO32049,PRO07576,6,3571,21426,WAR00653
LIN04861,QUO72887,PRO92316,11,8114,89254,WAR00654
LIN02632,QUO78639,PRO46773,14,9613,134582,WAR00655
LIN25785,QUO24685,PRO74373,9,7854,70686,WAR00656
LIN92207,QUO30718,PRO44499,11,9613,105743,WAR00657
LIN10209,QUO53479,PRO70558,5,7843,39215,WAR00658
LIN67381,QUO87051,PRO79367,2,7500,15000,WAR00659
LIN26287,QUO79197,PRO41240,9,9402,84618,WAR00660
LIN37816,QUO72462,PRO41627,2,6332,12664,WAR00661
LIN31004,QUO99405,PRO70558,20,7843,156860,WAR00662
LIN41066,QUO94419,PRO92316,3,8114,24342,WAR00663
LIN62650,QUO17468,PRO70558,11,7843,86273,WAR00664
LIN20358,QUO98450,PRO41627,1,6332,6332,WAR00665
LIN88285,QUO36810,PRO74373,7,7854,54978,WAR00666
LIN09239,QUO61709,PRO26667,3,3888,11664,WAR00667
LIN45949,QUO29706,PRO86898,2,9816,19632,WAR00668
LIN53512,QUO14968,PRO14701,2,6030,12060,WAR00669
LIN32080,QUO18218,PRO51045,4,8664,34656,WAR00670
LIN31728,QUO27566,PRO97881,17,6562,111554,WAR00671
LIN08417,QUO81042,PRO93334,10,6267,62670,WAR00672
LIN82055,QUO34680,PRO14992,15,5682,85230,WAR00673
LIN99815,QUO91183,PRO64122,5,4502,22510,WAR00674
LIN63475,QUO13374,PRO81999,13,3518,45734,WAR00675
LIN34158,QUO85448,PRO92316,6,8114,48684,WAR00676
LIN03236,QUO05858,PRO64497,5,7892,39460,WAR00677
LIN88988,QUO76315,PRO26667,9,3888,34992,WAR00678
LIN51215,QUO23993,PRO39806,8,7529,60232,WAR00679
LIN68234,QUO06323,PRO03838,14,8952,125328,WAR00680
LIN58242,QUO54947,PRO51045,9,8664,77976,WAR00681
LIN52669,QUO83431,PRO86754,9,9327,83943,WAR00682
LIN94080,QUO07245,PRO77206,12,7670,92040,WAR00683
LIN99585,QUO39880,PRO71161,5,4550,22750,WAR00684
LIN49630,QUO24986,PRO63981,6,6130,36780,WAR00685
LIN41324,QUO76579,PRO92316,1,8114,8114,WAR00686
LIN53634,QUO96004,PRO65552,17,5999,101983,WAR00687
LIN94628,QUO17366,PRO86898,3,9816,29448,WAR00688
LIN60286,QUO31495,PRO41627,9,6332,56988,WAR00689
LIN75205,QUO31327,PRO40808,3,6574,19722,WAR00690
LIN76177,QUO52330,PRO64497,5,7892,39460,WAR00691
LIN76499,QUO76283,PRO95982,18,8584,154512,WAR00692
LIN92208,QUO59733,PRO92316,1,8114,8114,WAR00693
LIN86517,QUO14637,PRO64122,2,4502,9004,WAR00694
LIN97701,QUO67266,PRO86898,13,9816,127608,WAR00695
LIN88051,QUO28231,PRO30045,13,3060,39780,WAR00696
LIN65322,QUO79212,PRO63981,4,6130,24520,WAR00697
LIN52669,QUO40766,PRO14992,7,5682,39774,WAR00698
LIN88772,QUO08515,PRO04233,12,5775,69300,WAR00699
LIN46235,QUO55679,PRO56174,17,9231,156927,WAR00700
LIN22704,QUO22778,PRO39806,9,7529,67761,WAR00701
LIN41034,QUO48546,PRO64828,6,8684,52104,WAR00702
LIN07274,QUO40080,PRO29563,3,4923,14769,WAR00703
LIN04286,QUO67150,PRO40808,12,6574,78888,WAR00704
LIN48116,QUO58665,PRO65552,10,5999,59990,WAR00705
LIN87560,QUO59697,PRO04233,14,5775,80850,WAR00706
LIN49107,QUO47287,PRO70558,16,7843,125488,WAR00707
LIN49398,QUO30650,PRO44499,14,9613,134582,WAR00708
LIN23437,QUO42085,PRO10732,17,9315,158355,WAR00709
LIN75970,QUO18076,PRO09500,18,6194,111492,WAR00710
LIN18262,QUO55504,PRO83380,1,6138,6138,WAR00711
LIN33881,QUO97762,PRO09500,10,6194,61940,WAR00712
LIN61058,QUO92354,PRO81999,10,3518,35180,WAR00713
LIN95781,QUO05616,PRO01485,17,8534,145078,WAR00714
LIN58215,QUO74774,PRO45787,4,9518,38072,WAR00715
LIN60417,QUO67020,PRO03838,3,8952,26856,WAR00716
LIN43163,QUO08235,PRO41627,6,6332,37992,WAR00717
LIN21173,QUO89300,PRO64122,12,4502,54024,WAR00718
LIN23777,QUO57320,PRO86898,8,9816,78528,WAR00719
LIN52858,QUO47673,PRO63981,9,6130,55170,WAR00720
LIN93937,QUO03038,PRO95982,1,8584,8584,WAR00721
LIN63405,QUO87409,PRO83380,9,6138,55242,WAR00722
LIN48385,QUO92836,PRO09500,12,6194,74328,WAR00723
LIN97671,QUO80134,PRO30045,19,3060,58140,WAR00724
LIN97349,QUO08944,PRO39806,17,7529,127993,WAR00725
LIN12043,QUO55608,PRO77206,1,7670,7670,WAR00726
LIN39367,QUO03681,PRO41240,17,9402,159834,WAR00727
LIN42570,QUO31724,PRO70558,17,7843,133331,WAR00728
LIN14373,QUO61663,PRO09500,10,6194,61940,WAR00729
LIN16580,QUO89653,PRO09500,10,6194,61940,WAR00730
LIN31691,QUO43517,PRO81999,14,3518,49252,WAR00731
LIN51845,QUO43741,PRO81999,7,3518,24626,WAR00732
LIN23075,QUO68897,PRO44499,4,9613,38452,WAR00733
LIN66130,QUO15967,PRO83380,13,6138,79794,WAR00734
LIN12698,QUO04879,PRO14701,4,6030,24120,WAR00735
LIN84940,QUO39620,PRO67890,4,4880,19520,WAR00736
LIN04508,QUO57822,PRO81999,18,3518,63324,WAR00737
LIN99364,QUO60496,PRO40808,7,6574,46018,WAR00738
LIN19244,QUO92644,PRO51725,7,8828,61796,WAR00739
LIN25874,QUO17980,PRO64828,7,8684,60788,WAR00740
LIN34996,QUO41481,PRO07576,7,3571,24997,WAR00741
LIN33272,QUO18770,PRO19301,3,5943,17829,WAR00742
LIN30096,QUO34143,PRO75076,20,8325,166500,WAR00743
LIN34809,QUO51678,PRO51725,14,8828,123592,WAR00744
LIN39138,QUO80342,PRO14701,11,6030,66330,WAR00745
LIN95827,QUO66540,PRO39806,3,7529,22587,WAR00746
LIN52760,QUO63490,PRO77206,19,7670,145730,WAR00747
LIN80515,QUO58331,PRO44499,16,9613,153808,WAR00748
LIN42133,QUO15978,PRO14992,6,5682,34092,WAR00749
LIN06264,QUO39411,PRO93334,20,6267,125340,WAR00750
LIN17055,QUO75436,PRO99910,17,7851,133467,WAR00751
LIN29334,QUO82061,PRO63981,5,6130,30650,WAR00752
LIN88117,QUO45345,PRO01485,4,8534,34136,WAR00753
LIN87479,QUO28321,PRO39806,1,7529,7529,WAR00754
LIN51581,QUO11502,PRO01485,20,8534,170680,WAR00755
LIN31031,QUO62422,PRO29563,3,4923,14769,WAR00756
LIN12340,QUO19729,PRO70558,6,7843,47058,WAR00757
LIN40910,QUO23048,PRO67495,9,9591,86319,WAR00758
LIN56843,QUO03610,PRO39806,6,7529,45174,WAR00759
LIN56513,QUO54674,PRO83380,15,6138,92070,WAR00760
LIN19125,QUO61943,PRO81999,12,3518,42216,WAR00761
LIN42808,QUO86093,PRO92316,12,8114,97368,WAR00762
LIN05631,QUO24253,PRO64497,3,7892,23676,WAR00763
LIN12272,QUO48682,PRO09500,14,6194,86716,WAR00764
LIN91797,QUO24334,PRO13996,19,9851,187169,WAR00765
LIN50273,QUO60220,PRO65552,6,5999,35994,WAR00766
LIN70634,QUO80090,PRO26667,12,3888,46656,WAR00767
LIN97952,QUO47560,PRO19301,5,5943,29715,WAR00768
LIN73666,QUO33042,PRO26667,8,3888,31104,WAR00769
LIN19911,QUO53874,PRO86754,5,9327,46635,WAR00770
LIN38763,QUO71481,PRO81999,1,3518,3518,WAR00771
LIN25186,QUO45880,PRO67890,11,4880,53680,WAR00772
LIN60955,QUO84316,PRO98085,7,9212,64484,WAR00773
LIN03224,QUO54735,PRO61136,16,5239,83824,WAR00774
LIN17592,QUO85063,PRO40808,12,6574,78888,WAR00775
LIN63573,QUO80975,PRO86898,7,9816,68712,WAR00776
LIN85197,QUO83441,PRO09500,4,6194,24776,WAR00777
LIN11937,QUO23594,PRO79367,4,7500,30000,WAR00778
LIN53131,QUO06699,PRO93334,15,6267,94005,WAR00779
LIN95255,QUO89682,PRO74373,14,7854,109956,WAR00780
LIN00171,QUO07876,PRO21215,8,4332,34656,WAR00781
LIN10672,QUO00872,PRO04233,12,5775,69300,WAR00782
LIN51554,QUO95290,PRO09500,12,6194,74328,WAR00783
LIN09493,QUO58473,PRO86754,6,9327,55962,WAR00784
LIN12840,QUO90443,PRO41627,11,6332,69652,WAR00785
LIN56237,QUO41215,PRO67495,13,9591,124683,WAR00786
LIN19634,QUO34390,PRO75076,6,8325,49950,WAR00787
LIN25681,QUO47415,PRO95982,6,8584,51504,WAR00788
LIN28980,QUO61769,PRO75076,12,8325,99900,WAR00789
LIN74445,QUO48309,PRO41240,16,9402,150432,WAR00790
LIN27038,QUO06507,PRO12639,1,8917,8917,WAR00791
LIN35231,QUO68861,PRO51045,17,8664,147288,WAR00792
LIN54832,QUO93208,PRO41240,5,9402,47010,WAR00793
LIN74993,QUO22161,PRO10732,14,9315,130410,WAR00794
LIN83546,QUO92368,PRO64828,1,8684,8684,WAR00795
LIN57463,QUO09188,PRO86754,10,9327,93270,WAR00796
LIN01014,QUO65534,PRO45787,10,9518,95180,WAR00797
LIN56992,QUO97414,PRO64122,1,4502,4502,WAR00798
LIN71487,QUO37517,PRO67495,7,9591,67137,WAR00799
LIN42890,QUO64683,PRO61136,9,5239,47151,WAR00800
LIN57644,QUO58594,PRO07576,4,3571,14284,WAR00801
LIN60381,QUO29813,PRO97881,5,6562,32810,WAR00802
LIN96015,QUO96448,PRO51725,8,8828,70624,WAR00803
LIN75781,QUO64833,PRO64828,1,8684,8684,WAR00804
LIN83509,QUO83854,PRO64828,5,8684,43420,WAR00805
LIN45881,QUO39792,PRO92316,3,8114,24342,WAR00806
LIN00310,QUO95608,PRO74373,17,7854,133518,WAR00807
LIN49426,QUO61688,PRO01485,7,8534,59738,WAR00808
LIN87019,QUO79339,PRO10732,15,9315,139725,WAR00809
LIN56546,QUO39267,PRO45787,17,9518,161806,WAR00810
LIN36509,QUO21812,PRO86898,9,9816,88344,WAR00811
LIN94911,QUO73792,PRO10732,14,9315,130410,WAR00812
LIN67762,QUO65805,PRO64122,14,4502,63028,WAR00813
LIN95554,QUO61998,PRO98085,14,9212,128968,WAR00814
LIN94827,QUO61508,PRO64828,6,8684,52104,WAR00815
LIN31815,QUO94090,PRO64497,4,7892,31568,WAR00816
LIN18151,QUO81828,PRO64828,18,8684,156312,WAR00817
LIN09930,QUO00814,PRO12639,20,8917,178340,WAR00818
LIN97030,QUO65076,PRO99910,8,7851,62808,WAR00819
LIN74482,QUO66439,PRO04233,4,5775,23100,WAR00820
LIN43919,QUO63305,PRO74373,1,7854,7854,WAR00821
LIN98037,QUO55504,PRO09500,1,6194,6194,WAR00822
LIN56053,QUO11888,PRO79367,3,7500,22500,WAR00823
LIN08782,QUO03999,PRO13996,20,9851,197020,WAR00824
LIN05560,QUO43053,PRO70558,11,7843,86273,WAR00825
LIN30965,QUO35296,PRO79367,6,7500,45000,WAR00826
LIN23327,QUO17527,PRO86898,14,9816,137424,WAR00827
LIN98509,QUO87959,PRO04233,10,5775,57750,WAR00828
LIN96597,QUO42881,PRO97881,17,6562,111554,WAR00829
LIN43264,QUO91116,PRO77206,14,7670,107380,WAR00830
LIN38243,QUO81725,PRO95982,6,8584,51504,WAR00831
LIN12991,QUO16181,PRO26667,13,3888,50544,WAR00832
LIN64119,QUO58597,PRO98085,16,9212,147392,WAR00833
LIN18575,QUO46585,PRO04233,16,5775,92400,WAR00834
LIN98832,QUO04863,PRO64828,3,8684,26052,WAR00835
LIN73733,QUO96304,PRO14701,2,6030,12060,WAR00836
LIN49646,QUO88891,PRO57903,20,6074,121480,WAR00837
LIN00285,QUO31197,PRO46773,5,9613,48065,WAR00838
LIN86021,QUO68094,PRO61136,11,5239,57629,WAR00839
LIN08579,QUO00013,PRO57903,19,6074,115406,WAR00840
LIN26227,QUO25789,PRO13996,9,9851,88659,WAR00841
LIN42313,QUO53444,PRO98085,6,9212,55272,WAR00842
LIN27699,QUO35258,PRO98085,6,9212,55272,WAR00843
LIN23346,QUO48009,PRO77206,13,7670,99710,WAR00844
LIN08340,QUO48105,PRO40808,4,6574,26296,WAR00845
LIN43993,QUO77891,PRO30045,6,3060,18360,WAR00846
LIN90179,QUO14071,PRO12639,2,8917,17834,WAR00847
LIN81966,QUO82096,PRO57903,6,6074,36444,WAR00848
LIN99564,QUO67913,PRO26667,7,3888,27216,WAR00849
LIN82186,QUO17526,PRO07576,6,3571,21426,WAR00850
LIN15010,QUO19226,PRO86898,10,9816,98160,WAR00851
LIN15621,QUO04613,PRO45787,17,9518,161806,WAR00852
LIN42293,QUO07569,PRO30045,20,3060,61200,WAR00853
LIN35809,QUO09108,PRO03838,4,8952,35808,WAR00854
LIN82149,QUO79425,PRO19301,19,5943,112917,WAR00855
LIN58912,QUO17542,PRO03838,8,8952,71616,WAR00856
LIN64798,QUO09841,PRO97881,1,6562,6562,WAR00857
LIN21053,QUO37607,PRO45787,12,9518,114216,WAR00858
LIN09752,QUO24598,PRO75076,4,8325,33300,WAR00859
LIN44337,QUO68073,PRO71161,8,4550,36400,WAR00860
LIN93634,QUO20777,PRO44499,20,9613,192260,WAR00861
LIN97069,QUO17987,PRO92316,14,8114,113596,WAR00862
LIN32376,QUO66353,PRO45787,1,9518,9518,WAR00863
LIN20170,QUO59272,PRO13996,6,9851,59106,WAR00864
LIN97978,QUO42496,PRO64122,20,4502,90040,WAR00865
LIN04309,QUO41709,PRO10732,18,9315,167670,WAR00866
LIN94758,QUO34905,PRO51045,6,8664,51984,WAR00867
LIN67784,QUO39602,PRO97881,7,6562,45934,WAR00868
LIN07547,QUO77362,PRO77206,16,7670,122720,WAR00869
LIN46474,QUO78468,PRO75076,4,8325,33300,WAR00870
LIN68226,QUO04915,PRO51045,4,8664,34656,WAR00871
LIN33664,QUO78953,PRO01485,3,8534,25602,WAR00872
LIN78072,QUO32045,PRO81999,16,3518,56288,WAR00873
LIN38980,QUO46931,PRO26667,11,3888,42768,WAR00874
LIN46884,QUO14412,PRO51725,4,8828,35312,WAR00875
LIN81741,QUO05095,PRO99910,1,7851,7851,WAR00876
LIN63895,QUO05139,PRO51725,16,8828,141248,WAR00877
LIN36716,QUO74394,PRO10732,8,9315,74520,WAR00878
LIN64004,QUO53266,PRO44499,17,9613,163421,WAR00879
LIN19578,QUO62929,PRO46773,4,9613,38452,WAR00880
LIN00615,QUO60637,PRO64497,20,7892,157840,WAR00881
LIN32688,QUO14330,PRO92316,16,8114,129824,WAR00882
LIN91561,QUO26384,PRO65552,7,5999,41993,WAR00883
LIN93239,QUO75181,PRO93334,18,6267,112806,WAR00884
LIN91677,QUO83188,PRO71161,15,4550,68250,WAR00885
LIN77587,QUO71718,PRO67890,4,4880,19520,WAR00886
LIN94916,QUO81028,PRO01485,5,8534,42670,WAR00887
LIN21096,QUO10409,PRO75076,8,8325,66600,WAR00888
LIN92973,QUO59093,PRO86754,5,9327,46635,WAR00889
LIN78112,QUO45523,PRO46773,18,9613,173034,WAR00890
LIN54072,QUO39274,PRO98085,7,9212,64484,WAR00891
LIN96184,QUO15541,PRO56174,20,9231,184620,WAR00892
LIN69016,QUO16423,PRO21215,17,4332,73644,WAR00893
LIN44246,QUO56857,PRO46773,16,9613,153808,WAR00894
LIN13656,QUO04445,PRO13996,8,9851,78808,WAR00895
LIN92820,QUO87029,PRO98085,3,9212,27636,WAR00896
LIN96090,QUO35442,PRO61136,11,5239,57629,WAR00897
LIN90494,QUO61021,PRO81999,13,3518,45734,WAR00898
LIN16958,QUO10222,PRO03838,3,8952,26856,WAR00899
LIN67605,QUO97966,PRO14992,12,5682,68184,WAR00900
LIN58841,QUO89841,PRO74373,1,7854,7854,WAR00901
LIN59466,QUO49628,PRO46773,3,9613,28839,WAR00902
LIN72107,QUO38706,PRO81999,13,3518,45734,WAR00903
LIN31490,QUO72818,PRO51045,5,8664,43320,WAR00904
LIN25292,QUO14671,PRO26667,13,3888,50544,WAR00905
LIN86631,QUO89487,PRO44499,13,9613,124969,WAR00906
LIN42987,QUO49134,PRO21215,2,4332,8664,WAR00907
LIN45148,QUO63931,PRO14701,17,6030,102510,WAR00908
LIN32687,QUO66570,PRO45787,6,9518,57108,WAR00909
LIN48413,QUO30380,PRO39806,7,7529,52703,WAR00910
LIN40264,QUO19273,PRO46773,9,9613,86517,WAR00911
LIN09005,QUO22836,PRO56174,5,9231,46155,WAR00912
LIN48755,QUO53813,PRO40808,17,6574,111758,WAR00913
LIN04541,QUO45901,PRO99910,17,7851,133467,WAR00914
LIN35660,QUO85886,PRO07576,1,3571,3571,WAR00915
LIN92868,QUO35175,PRO92316,2,8114,16228,WAR00916
LIN91081,QUO53455,PRO30045,6,3060,18360,WAR00917
LIN20540,QUO95643,PRO41240,9,9402,84618,WAR00918
LIN61137,QUO99579,PRO64497,4,7892,31568,WAR00919
LIN98280,QUO85097,PRO41627,6,6332,37992,WAR00920
LIN40302,QUO57073,PRO64828,4,8684,34736,WAR00921
LIN84424,QUO99558,PRO77206,4,7670,30680,WAR00922
LIN36746,QUO89211,PRO09500,8,6194,49552,WAR00923
LIN66659,QUO50712,PRO71161,19,4550,86450,WAR00924
LIN20878,QUO24453,PRO12639,4,8917,35668,WAR00925
LIN65143,QUO86512,PRO26667,20,3888,77760,WAR00926
LIN50791,QUO42988,PRO45787,8,9518,76144,WAR00927
LIN05495,QUO28250,PRO41240,6,9402,56412,WAR00928
LIN04494,QUO23173,PRO98085,10,9212,92120,WAR00929
LIN02300,QUO83059,PRO46773,2,9613,19226,WAR00930
LIN66810,QUO32629,PRO57903,16,6074,97184,WAR00931
LIN77849,QUO31670,PRO03838,2,8952,17904,WAR00932
LIN08058,QUO52042,PRO29563,19,4923,93537,WAR00933
LIN67946,QUO54917,PRO07576,19,3571,67849,WAR00934
LIN36164,QUO98331,PRO86898,17,9816,166872,WAR00935
LIN57216,QUO09568,PRO07576,3,3571,10713,WAR00936
LIN42737,QUO75939,PRO97881,6,6562,39372,WAR00937
LIN16301,QUO60036,PRO40808,10,6574,65740,WAR00938
LIN54193,QUO44189,PRO14992,20,5682,113640,WAR00939
LIN84908,QUO98799,PRO64122,1,4502,4502,WAR00940
LIN28464,QUO38196,PRO86754,1,9327,9327,WAR00941
LIN31323,QUO24552,PRO64828,12,8684,104208,WAR00942
LIN64918,QUO54059,PRO41240,10,9402,94020,WAR00943
LIN50719,QUO89419,PRO99910,12,7851,94212,WAR00944
LIN69700,QUO57315,PRO14992,10,5682,56820,WAR00945
LIN28325,QUO76762,PRO41627,8,6332,50656,WAR00946
LIN37037,QUO78625,PRO19301,9,5943,53487,WAR00947
LIN04396,QUO26225,PRO64497,1,7892,7892,WAR00948
LIN65941,QUO19951,PRO70558,7,7843,54901,WAR00949
LIN24248,QUO05552,PRO56174,10,9231,92310,WAR00950
LIN24957,QUO93462,PRO01485,9,8534,76806,WAR00951
LIN96784,QUO66124,PRO51045,5,8664,43320,WAR00952
LIN21555,QUO43947,PRO19301,19,5943,112917,WAR00953
LIN25602,QUO72540,PRO09500,13,6194,80522,WAR00954
LIN47958,QUO78432,PRO45787,11,9518,104698,WAR00955
LIN36044,QUO50606,PRO74373,16,7854,125664,WAR00956
LIN37265,QUO61683,PRO41627,1,6332,6332,WAR00957
LIN40241,QUO65049,PRO93334,19,6267,119073,WAR00958
LIN62589,QUO70337,PRO86754,10,9327,93270,WAR00959
LIN31405,QUO05175,PRO64828,6,8684,52104,WAR00960
LIN94584,QUO12473,PRO57903,6,6074,36444,WAR00961
LIN56484,QUO72035,PRO14992,17,5682,96594,WAR00962
LIN48149,QUO52246,PRO86898,13,9816,127608,WAR00963
LIN72522,QUO31877,PRO86754,10,9327,93270,WAR00964
LIN59785,QUO93697,PRO14701,4,6030,24120,WAR00965
LIN49641,QUO03673,PRO74373,15,7854,117810,WAR00966
LIN13513,QUO42930,PRO14992,15,5682,85230,WAR00967
LIN25302,QUO86984,PRO44499,11,9613,105743,WAR00968
LIN37430,QUO88817,PRO57903,16,6074,97184,WAR00969
LIN45157,QUO99283,PRO63981,7,6130,42910,WAR00970
LIN38605,QUO70709,PRO61136,12,5239,62868,WAR00971
LIN59073,QUO18957,PRO45787,3,9518,28554,WAR00972
LIN06283,QUO66293,PRO70558,7,7843,54901,WAR00973
LIN90335,QUO49408,PRO63981,6,6130,36780,WAR00974
LIN02758,QUO77792,PRO79367,16,7500,120000,WAR00975
LIN49349,QUO05719,PRO56174,20,9231,184620,WAR00976
LIN88033,QUO09770,PRO95982,18,8584,154512,WAR00977
LIN10023,QUO10430,PRO93334,20,6267,125340,WAR00978
LIN61138,QUO74101,PRO98085,2,9212,18424,WAR00979
LIN98943,QUO56208,PRO92316,10,8114,81140,WAR00980
LIN80271,QUO15384,PRO61136,5,5239,26195,WAR00981
LIN31155,QUO83643,PRO92316,17,8114,137938,WAR00982
LIN11173,QUO34524,PRO30045,5,3060,15300,WAR00983
LIN00807,QUO16533,PRO21215,5,4332,21660,WAR00984
LIN40008,QUO86269,PRO63981,10,6130,61300,WAR00985
LIN64161,QUO03494,PRO61136,4,5239,20956,WAR00986
LIN86499,QUO00709,PRO19301,16,5943,95088,WAR00987
LIN46108,QUO85109,PRO74373,8,7854,62832,WAR00988
LIN30549,QUO59308,PRO64828,13,8684,112892,WAR00989
LIN71895,QUO37196,PRO86754,9,9327,83943,WAR00990
LIN57160,QUO65068,PRO98085,10,9212,92120,WAR00991
LIN66275,QUO56909,PRO26667,13,3888,50544,WAR00992
LIN85316,QUO84026,PRO40808,7,6574,46018,WAR00993
LIN06677,QUO81817,PRO56174,1,9231,9231,WAR00994
LIN29973,QUO29021,PRO86898,9,9816,88344,WAR00995
LIN70719,QUO39331,PRO97881,12,6562,78744,WAR00996
LIN05006,QUO73967,PRO07576,5,3571,17855,WAR00997
LIN03020,QUO38649,PRO70558,9,7843,70587,WAR00998
LIN94245,QUO93994,PRO83380,16,6138,98208,WAR00999
LIN14365,,PRO64828,5,8684,43420,WAR01000
